project	file	status	retries	duration_ms	test	suite-path
chromium	acceptance/phase1/auth.spec.ts	failed	2	32237	HP-AUTH-001: User can login with valid credentials	acceptance/phase1/auth.spec.ts > Phase 1: Authentication & RBAC - Complete Acceptance Tests
chromium	acceptance/phase1/auth.spec.ts	failed	2	32175	HP-AUTH-002: User receives JWT token	acceptance/phase1/auth.spec.ts > Phase 1: Authentication & RBAC - Complete Acceptance Tests
chromium	acceptance/phase1/auth.spec.ts	failed	2	32122	HP-AUTH-003: Access token persists across page navigations	acceptance/phase1/auth.spec.ts > Phase 1: Authentication & RBAC - Complete Acceptance Tests
chromium	acceptance/phase1/auth.spec.ts	failed	2	32118	HP-AUTH-004: User can access protected endpoints with valid token	acceptance/phase1/auth.spec.ts > Phase 1: Authentication & RBAC - Complete Acceptance Tests
chromium	acceptance/phase1/auth.spec.ts	failed	2	31576	HP-AUTH-005: User can logout (session terminated)	acceptance/phase1/auth.spec.ts > Phase 1: Authentication & RBAC - Complete Acceptance Tests
chromium	acceptance/phase1/auth.spec.ts	passed	0	527	HP-AUTH-006: Forgot password flow sends email	acceptance/phase1/auth.spec.ts > Phase 1: Authentication & RBAC - Complete Acceptance Tests
chromium	acceptance/phase1/auth.spec.ts	failed	2	16832	EDGE-AUTH-001: Login fails with incorrect password (401)	acceptance/phase1/auth.spec.ts > Phase 1: Authentication & RBAC - Complete Acceptance Tests
chromium	acceptance/phase1/auth.spec.ts	failed	2	16671	EDGE-AUTH-002: Login fails with non-existent email (401)	acceptance/phase1/auth.spec.ts > Phase 1: Authentication & RBAC - Complete Acceptance Tests
chromium	acceptance/phase1/auth.spec.ts	failed	2	4140	EDGE-AUTH-003: Login fails with empty email (400/validation)	acceptance/phase1/auth.spec.ts > Phase 1: Authentication & RBAC - Complete Acceptance Tests
chromium	acceptance/phase1/auth.spec.ts	passed	0	59	EDGE-AUTH-004: Access denied without token (401)	acceptance/phase1/auth.spec.ts > Phase 1: Authentication & RBAC - Complete Acceptance Tests
chromium	acceptance/phase1/auth.spec.ts	passed	0	32	EDGE-AUTH-005: Access denied with invalid token (401)	acceptance/phase1/auth.spec.ts > Phase 1: Authentication & RBAC - Complete Acceptance Tests
chromium	acceptance/phase1/auth.spec.ts	failed	2	7311	EDGE-AUTH-006: Concurrent login attempts handled gracefully	acceptance/phase1/auth.spec.ts > Phase 1: Authentication & RBAC - Complete Acceptance Tests
chromium	acceptance/phase1/auth.spec.ts	failed	2	31214	RBAC-AUTH-001: super_admin can access all endpoints	acceptance/phase1/auth.spec.ts > Phase 1: Authentication & RBAC - Complete Acceptance Tests
chromium	acceptance/phase1/auth.spec.ts	failed	2	31448	RBAC-AUTH-002: admin can access operations endpoints	acceptance/phase1/auth.spec.ts > Phase 1: Authentication & RBAC - Complete Acceptance Tests
chromium	acceptance/phase1/auth.spec.ts	failed	2	31322	RBAC-AUTH-003: manager can access audit logs	acceptance/phase1/auth.spec.ts > Phase 1: Authentication & RBAC - Complete Acceptance Tests
chromium	acceptance/phase1/auth.spec.ts	failed	2	31131	RBAC-AUTH-004: user cannot access admin endpoints (403)	acceptance/phase1/auth.spec.ts > Phase 1: Authentication & RBAC - Complete Acceptance Tests
chromium	acceptance/phase1/auth.spec.ts	failed	2	31163	RBAC-AUTH-005: Different roles see different views	acceptance/phase1/auth.spec.ts > Phase 1: Authentication & RBAC - Complete Acceptance Tests
chromium	acceptance/phase1/auth.spec.ts	passed	0	1377	RBAC-AUTH-006: Suspended user cannot login	acceptance/phase1/auth.spec.ts > Phase 1: Authentication & RBAC - Complete Acceptance Tests
firefox	acceptance/phase1/auth.spec.ts	failed	2	33591	HP-AUTH-001: User can login with valid credentials	acceptance/phase1/auth.spec.ts > Phase 1: Authentication & RBAC - Complete Acceptance Tests
firefox	acceptance/phase1/auth.spec.ts	failed	2	33646	HP-AUTH-002: User receives JWT token	acceptance/phase1/auth.spec.ts > Phase 1: Authentication & RBAC - Complete Acceptance Tests
firefox	acceptance/phase1/auth.spec.ts	failed	2	34777	HP-AUTH-003: Access token persists across page navigations	acceptance/phase1/auth.spec.ts > Phase 1: Authentication & RBAC - Complete Acceptance Tests
firefox	acceptance/phase1/auth.spec.ts	failed	2	34645	HP-AUTH-004: User can access protected endpoints with valid token	acceptance/phase1/auth.spec.ts > Phase 1: Authentication & RBAC - Complete Acceptance Tests
firefox	acceptance/phase1/auth.spec.ts	failed	2	35487	HP-AUTH-005: User can logout (session terminated)	acceptance/phase1/auth.spec.ts > Phase 1: Authentication & RBAC - Complete Acceptance Tests
firefox	acceptance/phase1/auth.spec.ts	failed	2	4166	HP-AUTH-006: Forgot password flow sends email	acceptance/phase1/auth.spec.ts > Phase 1: Authentication & RBAC - Complete Acceptance Tests
firefox	acceptance/phase1/auth.spec.ts	failed	2	19555	EDGE-AUTH-001: Login fails with incorrect password (401)	acceptance/phase1/auth.spec.ts > Phase 1: Authentication & RBAC - Complete Acceptance Tests
firefox	acceptance/phase1/auth.spec.ts	failed	2	20215	EDGE-AUTH-002: Login fails with non-existent email (401)	acceptance/phase1/auth.spec.ts > Phase 1: Authentication & RBAC - Complete Acceptance Tests
firefox	acceptance/phase1/auth.spec.ts	failed	2	7422	EDGE-AUTH-003: Login fails with empty email (400/validation)	acceptance/phase1/auth.spec.ts > Phase 1: Authentication & RBAC - Complete Acceptance Tests
firefox	acceptance/phase1/auth.spec.ts	passed	0	795	EDGE-AUTH-004: Access denied without token (401)	acceptance/phase1/auth.spec.ts > Phase 1: Authentication & RBAC - Complete Acceptance Tests
firefox	acceptance/phase1/auth.spec.ts	passed	0	244	EDGE-AUTH-005: Access denied with invalid token (401)	acceptance/phase1/auth.spec.ts > Phase 1: Authentication & RBAC - Complete Acceptance Tests
firefox	acceptance/phase1/auth.spec.ts	failed	2	10285	EDGE-AUTH-006: Concurrent login attempts handled gracefully	acceptance/phase1/auth.spec.ts > Phase 1: Authentication & RBAC - Complete Acceptance Tests
firefox	acceptance/phase1/auth.spec.ts	failed	2	35605	RBAC-AUTH-001: super_admin can access all endpoints	acceptance/phase1/auth.spec.ts > Phase 1: Authentication & RBAC - Complete Acceptance Tests
firefox	acceptance/phase1/auth.spec.ts	failed	2	35594	RBAC-AUTH-002: admin can access operations endpoints	acceptance/phase1/auth.spec.ts > Phase 1: Authentication & RBAC - Complete Acceptance Tests
firefox	acceptance/phase1/auth.spec.ts	failed	2	34634	RBAC-AUTH-003: manager can access audit logs	acceptance/phase1/auth.spec.ts > Phase 1: Authentication & RBAC - Complete Acceptance Tests
firefox	acceptance/phase1/auth.spec.ts	failed	2	34852	RBAC-AUTH-004: user cannot access admin endpoints (403)	acceptance/phase1/auth.spec.ts > Phase 1: Authentication & RBAC - Complete Acceptance Tests
firefox	acceptance/phase1/auth.spec.ts	failed	2	34498	RBAC-AUTH-005: Different roles see different views	acceptance/phase1/auth.spec.ts > Phase 1: Authentication & RBAC - Complete Acceptance Tests
firefox	acceptance/phase1/auth.spec.ts	passed	0	2320	RBAC-AUTH-006: Suspended user cannot login	acceptance/phase1/auth.spec.ts > Phase 1: Authentication & RBAC - Complete Acceptance Tests
webkit	acceptance/phase1/auth.spec.ts	failed	2	34175	HP-AUTH-001: User can login with valid credentials	acceptance/phase1/auth.spec.ts > Phase 1: Authentication & RBAC - Complete Acceptance Tests
webkit	acceptance/phase1/auth.spec.ts	failed	2	33118	HP-AUTH-002: User receives JWT token	acceptance/phase1/auth.spec.ts > Phase 1: Authentication & RBAC - Complete Acceptance Tests
webkit	acceptance/phase1/auth.spec.ts	failed	2	32734	HP-AUTH-003: Access token persists across page navigations	acceptance/phase1/auth.spec.ts > Phase 1: Authentication & RBAC - Complete Acceptance Tests
webkit	acceptance/phase1/auth.spec.ts	failed	2	32824	HP-AUTH-004: User can access protected endpoints with valid token	acceptance/phase1/auth.spec.ts > Phase 1: Authentication & RBAC - Complete Acceptance Tests
webkit	acceptance/phase1/auth.spec.ts	failed	2	33424	HP-AUTH-005: User can logout (session terminated)	acceptance/phase1/auth.spec.ts > Phase 1: Authentication & RBAC - Complete Acceptance Tests
webkit	acceptance/phase1/auth.spec.ts	passed	0	529	HP-AUTH-006: Forgot password flow sends email	acceptance/phase1/auth.spec.ts > Phase 1: Authentication & RBAC - Complete Acceptance Tests
webkit	acceptance/phase1/auth.spec.ts	failed	2	17752	EDGE-AUTH-001: Login fails with incorrect password (401)	acceptance/phase1/auth.spec.ts > Phase 1: Authentication & RBAC - Complete Acceptance Tests
webkit	acceptance/phase1/auth.spec.ts	failed	2	18982	EDGE-AUTH-002: Login fails with non-existent email (401)	acceptance/phase1/auth.spec.ts > Phase 1: Authentication & RBAC - Complete Acceptance Tests
webkit	acceptance/phase1/auth.spec.ts	failed	2	6580	EDGE-AUTH-003: Login fails with empty email (400/validation)	acceptance/phase1/auth.spec.ts > Phase 1: Authentication & RBAC - Complete Acceptance Tests
webkit	acceptance/phase1/auth.spec.ts	passed	0	266	EDGE-AUTH-004: Access denied without token (401)	acceptance/phase1/auth.spec.ts > Phase 1: Authentication & RBAC - Complete Acceptance Tests
webkit	acceptance/phase1/auth.spec.ts	passed	0	210	EDGE-AUTH-005: Access denied with invalid token (401)	acceptance/phase1/auth.spec.ts > Phase 1: Authentication & RBAC - Complete Acceptance Tests
webkit	acceptance/phase1/auth.spec.ts	failed	2	9806	EDGE-AUTH-006: Concurrent login attempts handled gracefully	acceptance/phase1/auth.spec.ts > Phase 1: Authentication & RBAC - Complete Acceptance Tests
webkit	acceptance/phase1/auth.spec.ts	failed	2	33174	RBAC-AUTH-001: super_admin can access all endpoints	acceptance/phase1/auth.spec.ts > Phase 1: Authentication & RBAC - Complete Acceptance Tests
webkit	acceptance/phase1/auth.spec.ts	failed	2	33390	RBAC-AUTH-002: admin can access operations endpoints	acceptance/phase1/auth.spec.ts > Phase 1: Authentication & RBAC - Complete Acceptance Tests
webkit	acceptance/phase1/auth.spec.ts	failed	2	33149	RBAC-AUTH-003: manager can access audit logs	acceptance/phase1/auth.spec.ts > Phase 1: Authentication & RBAC - Complete Acceptance Tests
webkit	acceptance/phase1/auth.spec.ts	failed	2	32739	RBAC-AUTH-004: user cannot access admin endpoints (403)	acceptance/phase1/auth.spec.ts > Phase 1: Authentication & RBAC - Complete Acceptance Tests
webkit	acceptance/phase1/auth.spec.ts	failed	2	32831	RBAC-AUTH-005: Different roles see different views	acceptance/phase1/auth.spec.ts > Phase 1: Authentication & RBAC - Complete Acceptance Tests
webkit	acceptance/phase1/auth.spec.ts	passed	0	2014	RBAC-AUTH-006: Suspended user cannot login	acceptance/phase1/auth.spec.ts > Phase 1: Authentication & RBAC - Complete Acceptance Tests
chromium	acceptance/phase1/inbox-list-filters.spec.ts	failed	2	31209	HP-INBOX-001: List conversations with default pagination	acceptance/phase1/inbox-list-filters.spec.ts > Phase 1: Inbox List & Filters - Complete Acceptance Tests
chromium	acceptance/phase1/inbox-list-filters.spec.ts	failed	2	31260	HP-INBOX-002: Filter by channel (Telegram)	acceptance/phase1/inbox-list-filters.spec.ts > Phase 1: Inbox List & Filters - Complete Acceptance Tests
chromium	acceptance/phase1/inbox-list-filters.spec.ts	failed	2	31143	HP-INBOX-003: Filter by status (open)	acceptance/phase1/inbox-list-filters.spec.ts > Phase 1: Inbox List & Filters - Complete Acceptance Tests
chromium	acceptance/phase1/inbox-list-filters.spec.ts	failed	2	31179	HP-INBOX-004: Filter by priority (normal)	acceptance/phase1/inbox-list-filters.spec.ts > Phase 1: Inbox List & Filters - Complete Acceptance Tests
chromium	acceptance/phase1/inbox-list-filters.spec.ts	failed	2	31155	HP-INBOX-005: Filter by assigned user	acceptance/phase1/inbox-list-filters.spec.ts > Phase 1: Inbox List & Filters - Complete Acceptance Tests
chromium	acceptance/phase1/inbox-list-filters.spec.ts	failed	2	31295	HP-INBOX-006: Combine multiple filters (channel + status + priority)	acceptance/phase1/inbox-list-filters.spec.ts > Phase 1: Inbox List & Filters - Complete Acceptance Tests
chromium	acceptance/phase1/inbox-list-filters.spec.ts	failed	2	31221	EDGE-INBOX-001: Empty result set (no matches)	acceptance/phase1/inbox-list-filters.spec.ts > Phase 1: Inbox List & Filters - Complete Acceptance Tests
chromium	acceptance/phase1/inbox-list-filters.spec.ts	failed	2	31259	EDGE-INBOX-002: Pagination boundary (page > available pages)	acceptance/phase1/inbox-list-filters.spec.ts > Phase 1: Inbox List & Filters - Complete Acceptance Tests
chromium	acceptance/phase1/inbox-list-filters.spec.ts	failed	2	31776	EDGE-INBOX-003: Invalid limit (> 100) rejected	acceptance/phase1/inbox-list-filters.spec.ts > Phase 1: Inbox List & Filters - Complete Acceptance Tests
chromium	acceptance/phase1/inbox-list-filters.spec.ts	failed	2	31999	EDGE-INBOX-004: Invalid status value rejected	acceptance/phase1/inbox-list-filters.spec.ts > Phase 1: Inbox List & Filters - Complete Acceptance Tests
chromium	acceptance/phase1/inbox-list-filters.spec.ts	failed	2	32126	EDGE-INBOX-005: Invalid priority value (old "medium") rejected	acceptance/phase1/inbox-list-filters.spec.ts > Phase 1: Inbox List & Filters - Complete Acceptance Tests
chromium	acceptance/phase1/inbox-list-filters.spec.ts	failed	2	31404	EDGE-INBOX-006: Invalid UUID for assignedUserId	acceptance/phase1/inbox-list-filters.spec.ts > Phase 1: Inbox List & Filters - Complete Acceptance Tests
chromium	acceptance/phase1/inbox-list-filters.spec.ts	failed	2	32031	RBAC-INBOX-001: user sees only assigned conversations	acceptance/phase1/inbox-list-filters.spec.ts > Phase 1: Inbox List & Filters - Complete Acceptance Tests
chromium	acceptance/phase1/inbox-list-filters.spec.ts	failed	2	32073	RBAC-INBOX-002: manager sees all conversations	acceptance/phase1/inbox-list-filters.spec.ts > Phase 1: Inbox List & Filters - Complete Acceptance Tests
chromium	acceptance/phase1/inbox-list-filters.spec.ts	failed	2	31176	RBAC-INBOX-003: admin sees all conversations	acceptance/phase1/inbox-list-filters.spec.ts > Phase 1: Inbox List & Filters - Complete Acceptance Tests
chromium	acceptance/phase1/inbox-list-filters.spec.ts	failed	2	31168	RBAC-INBOX-004: super_admin sees all conversations	acceptance/phase1/inbox-list-filters.spec.ts > Phase 1: Inbox List & Filters - Complete Acceptance Tests
chromium	acceptance/phase1/inbox-list-filters.spec.ts	failed	2	31143	RBAC-INBOX-005: unauthorized user (not logged in) cannot list	acceptance/phase1/inbox-list-filters.spec.ts > Phase 1: Inbox List & Filters - Complete Acceptance Tests
chromium	acceptance/phase1/inbox-list-filters.spec.ts	failed	2	31273	RBAC-INBOX-006: filtering works correctly across roles	acceptance/phase1/inbox-list-filters.spec.ts > Phase 1: Inbox List & Filters - Complete Acceptance Tests
firefox	acceptance/phase1/inbox-list-filters.spec.ts	failed	2	33420	HP-INBOX-001: List conversations with default pagination	acceptance/phase1/inbox-list-filters.spec.ts > Phase 1: Inbox List & Filters - Complete Acceptance Tests
firefox	acceptance/phase1/inbox-list-filters.spec.ts	failed	2	34291	HP-INBOX-002: Filter by channel (Telegram)	acceptance/phase1/inbox-list-filters.spec.ts > Phase 1: Inbox List & Filters - Complete Acceptance Tests
firefox	acceptance/phase1/inbox-list-filters.spec.ts	failed	2	34410	HP-INBOX-003: Filter by status (open)	acceptance/phase1/inbox-list-filters.spec.ts > Phase 1: Inbox List & Filters - Complete Acceptance Tests
firefox	acceptance/phase1/inbox-list-filters.spec.ts	failed	2	34435	HP-INBOX-004: Filter by priority (normal)	acceptance/phase1/inbox-list-filters.spec.ts > Phase 1: Inbox List & Filters - Complete Acceptance Tests
firefox	acceptance/phase1/inbox-list-filters.spec.ts	failed	2	34109	HP-INBOX-005: Filter by assigned user	acceptance/phase1/inbox-list-filters.spec.ts > Phase 1: Inbox List & Filters - Complete Acceptance Tests
firefox	acceptance/phase1/inbox-list-filters.spec.ts	failed	2	34048	HP-INBOX-006: Combine multiple filters (channel + status + priority)	acceptance/phase1/inbox-list-filters.spec.ts > Phase 1: Inbox List & Filters - Complete Acceptance Tests
firefox	acceptance/phase1/inbox-list-filters.spec.ts	failed	2	34420	EDGE-INBOX-001: Empty result set (no matches)	acceptance/phase1/inbox-list-filters.spec.ts > Phase 1: Inbox List & Filters - Complete Acceptance Tests
firefox	acceptance/phase1/inbox-list-filters.spec.ts	failed	2	34491	EDGE-INBOX-002: Pagination boundary (page > available pages)	acceptance/phase1/inbox-list-filters.spec.ts > Phase 1: Inbox List & Filters - Complete Acceptance Tests
firefox	acceptance/phase1/inbox-list-filters.spec.ts	failed	2	34276	EDGE-INBOX-003: Invalid limit (> 100) rejected	acceptance/phase1/inbox-list-filters.spec.ts > Phase 1: Inbox List & Filters - Complete Acceptance Tests
firefox	acceptance/phase1/inbox-list-filters.spec.ts	failed	2	34185	EDGE-INBOX-004: Invalid status value rejected	acceptance/phase1/inbox-list-filters.spec.ts > Phase 1: Inbox List & Filters - Complete Acceptance Tests
firefox	acceptance/phase1/inbox-list-filters.spec.ts	failed	2	34226	EDGE-INBOX-005: Invalid priority value (old "medium") rejected	acceptance/phase1/inbox-list-filters.spec.ts > Phase 1: Inbox List & Filters - Complete Acceptance Tests
firefox	acceptance/phase1/inbox-list-filters.spec.ts	failed	2	34311	EDGE-INBOX-006: Invalid UUID for assignedUserId	acceptance/phase1/inbox-list-filters.spec.ts > Phase 1: Inbox List & Filters - Complete Acceptance Tests
firefox	acceptance/phase1/inbox-list-filters.spec.ts	failed	2	34364	RBAC-INBOX-001: user sees only assigned conversations	acceptance/phase1/inbox-list-filters.spec.ts > Phase 1: Inbox List & Filters - Complete Acceptance Tests
firefox	acceptance/phase1/inbox-list-filters.spec.ts	failed	2	34268	RBAC-INBOX-002: manager sees all conversations	acceptance/phase1/inbox-list-filters.spec.ts > Phase 1: Inbox List & Filters - Complete Acceptance Tests
firefox	acceptance/phase1/inbox-list-filters.spec.ts	failed	2	34198	RBAC-INBOX-003: admin sees all conversations	acceptance/phase1/inbox-list-filters.spec.ts > Phase 1: Inbox List & Filters - Complete Acceptance Tests
firefox	acceptance/phase1/inbox-list-filters.spec.ts	failed	2	34350	RBAC-INBOX-004: super_admin sees all conversations	acceptance/phase1/inbox-list-filters.spec.ts > Phase 1: Inbox List & Filters - Complete Acceptance Tests
firefox	acceptance/phase1/inbox-list-filters.spec.ts	failed	2	34324	RBAC-INBOX-005: unauthorized user (not logged in) cannot list	acceptance/phase1/inbox-list-filters.spec.ts > Phase 1: Inbox List & Filters - Complete Acceptance Tests
firefox	acceptance/phase1/inbox-list-filters.spec.ts	failed	2	34388	RBAC-INBOX-006: filtering works correctly across roles	acceptance/phase1/inbox-list-filters.spec.ts > Phase 1: Inbox List & Filters - Complete Acceptance Tests
webkit	acceptance/phase1/inbox-list-filters.spec.ts	failed	2	32904	HP-INBOX-001: List conversations with default pagination	acceptance/phase1/inbox-list-filters.spec.ts > Phase 1: Inbox List & Filters - Complete Acceptance Tests
webkit	acceptance/phase1/inbox-list-filters.spec.ts	failed	2	32920	HP-INBOX-002: Filter by channel (Telegram)	acceptance/phase1/inbox-list-filters.spec.ts > Phase 1: Inbox List & Filters - Complete Acceptance Tests
webkit	acceptance/phase1/inbox-list-filters.spec.ts	failed	2	32853	HP-INBOX-003: Filter by status (open)	acceptance/phase1/inbox-list-filters.spec.ts > Phase 1: Inbox List & Filters - Complete Acceptance Tests
webkit	acceptance/phase1/inbox-list-filters.spec.ts	failed	2	32778	HP-INBOX-004: Filter by priority (normal)	acceptance/phase1/inbox-list-filters.spec.ts > Phase 1: Inbox List & Filters - Complete Acceptance Tests
webkit	acceptance/phase1/inbox-list-filters.spec.ts	failed	2	32854	HP-INBOX-005: Filter by assigned user	acceptance/phase1/inbox-list-filters.spec.ts > Phase 1: Inbox List & Filters - Complete Acceptance Tests
webkit	acceptance/phase1/inbox-list-filters.spec.ts	failed	2	32901	HP-INBOX-006: Combine multiple filters (channel + status + priority)	acceptance/phase1/inbox-list-filters.spec.ts > Phase 1: Inbox List & Filters - Complete Acceptance Tests
webkit	acceptance/phase1/inbox-list-filters.spec.ts	failed	2	32840	EDGE-INBOX-001: Empty result set (no matches)	acceptance/phase1/inbox-list-filters.spec.ts > Phase 1: Inbox List & Filters - Complete Acceptance Tests
webkit	acceptance/phase1/inbox-list-filters.spec.ts	failed	2	32796	EDGE-INBOX-002: Pagination boundary (page > available pages)	acceptance/phase1/inbox-list-filters.spec.ts > Phase 1: Inbox List & Filters - Complete Acceptance Tests
webkit	acceptance/phase1/inbox-list-filters.spec.ts	failed	2	32800	EDGE-INBOX-003: Invalid limit (> 100) rejected	acceptance/phase1/inbox-list-filters.spec.ts > Phase 1: Inbox List & Filters - Complete Acceptance Tests
webkit	acceptance/phase1/inbox-list-filters.spec.ts	failed	2	32992	EDGE-INBOX-004: Invalid status value rejected	acceptance/phase1/inbox-list-filters.spec.ts > Phase 1: Inbox List & Filters - Complete Acceptance Tests
webkit	acceptance/phase1/inbox-list-filters.spec.ts	failed	2	32893	EDGE-INBOX-005: Invalid priority value (old "medium") rejected	acceptance/phase1/inbox-list-filters.spec.ts > Phase 1: Inbox List & Filters - Complete Acceptance Tests
webkit	acceptance/phase1/inbox-list-filters.spec.ts	failed	2	32755	EDGE-INBOX-006: Invalid UUID for assignedUserId	acceptance/phase1/inbox-list-filters.spec.ts > Phase 1: Inbox List & Filters - Complete Acceptance Tests
webkit	acceptance/phase1/inbox-list-filters.spec.ts	failed	2	32778	RBAC-INBOX-001: user sees only assigned conversations	acceptance/phase1/inbox-list-filters.spec.ts > Phase 1: Inbox List & Filters - Complete Acceptance Tests
webkit	acceptance/phase1/inbox-list-filters.spec.ts	failed	2	32826	RBAC-INBOX-002: manager sees all conversations	acceptance/phase1/inbox-list-filters.spec.ts > Phase 1: Inbox List & Filters - Complete Acceptance Tests
webkit	acceptance/phase1/inbox-list-filters.spec.ts	failed	2	32798	RBAC-INBOX-003: admin sees all conversations	acceptance/phase1/inbox-list-filters.spec.ts > Phase 1: Inbox List & Filters - Complete Acceptance Tests
webkit	acceptance/phase1/inbox-list-filters.spec.ts	failed	2	33773	RBAC-INBOX-004: super_admin sees all conversations	acceptance/phase1/inbox-list-filters.spec.ts > Phase 1: Inbox List & Filters - Complete Acceptance Tests
webkit	acceptance/phase1/inbox-list-filters.spec.ts	failed	2	34339	RBAC-INBOX-005: unauthorized user (not logged in) cannot list	acceptance/phase1/inbox-list-filters.spec.ts > Phase 1: Inbox List & Filters - Complete Acceptance Tests
webkit	acceptance/phase1/inbox-list-filters.spec.ts	failed	2	35702	RBAC-INBOX-006: filtering works correctly across roles	acceptance/phase1/inbox-list-filters.spec.ts > Phase 1: Inbox List & Filters - Complete Acceptance Tests
chromium	acceptance/phase1/p0-frontend-option2.spec.ts	failed	2	31149	AUTH-001: User can login and access inbox	acceptance/phase1/p0-frontend-option2.spec.ts > P0 Frontend Option 2: Core Workflow & Account Recovery
chromium	acceptance/phase1/p0-frontend-option2.spec.ts	passed	0	213	AUTH-002: Protected routes redirect unauthenticated users to login	acceptance/phase1/p0-frontend-option2.spec.ts > P0 Frontend Option 2: Core Workflow & Account Recovery
chromium	acceptance/phase1/p0-frontend-option2.spec.ts	failed	2	31105	AUTH-003: User can logout and session is invalidated	acceptance/phase1/p0-frontend-option2.spec.ts > P0 Frontend Option 2: Core Workflow & Account Recovery
chromium	acceptance/phase1/p0-frontend-option2.spec.ts	failed	2	31113	AUTH-004: RBAC - User role controls UI visibility	acceptance/phase1/p0-frontend-option2.spec.ts > P0 Frontend Option 2: Core Workflow & Account Recovery
chromium	acceptance/phase1/p0-frontend-option2.spec.ts	passed	0	235	AUTH-005: Deep link to protected page redirects unauthenticated user	acceptance/phase1/p0-frontend-option2.spec.ts > P0 Frontend Option 2: Core Workflow & Account Recovery
chromium	acceptance/phase1/p0-frontend-option2.spec.ts	passed	0	288	RECOVERY-001: Forgot password page is accessible	acceptance/phase1/p0-frontend-option2.spec.ts > P0 Frontend Option 2: Core Workflow & Account Recovery
chromium	acceptance/phase1/p0-frontend-option2.spec.ts	passed	0	7571	RECOVERY-002: Forgot password accepts email and shows success message	acceptance/phase1/p0-frontend-option2.spec.ts > P0 Frontend Option 2: Core Workflow & Account Recovery
chromium	acceptance/phase1/p0-frontend-option2.spec.ts	passed	0	196	RECOVERY-003: Reset password page validates token from URL	acceptance/phase1/p0-frontend-option2.spec.ts > P0 Frontend Option 2: Core Workflow & Account Recovery
chromium	acceptance/phase1/p0-frontend-option2.spec.ts	passed	0	249	RECOVERY-004: Reset password validates password match and strength	acceptance/phase1/p0-frontend-option2.spec.ts > P0 Frontend Option 2: Core Workflow & Account Recovery
chromium	acceptance/phase1/p0-frontend-option2.spec.ts	skipped	0	23	RECOVERY-005: Reset password redirects to login (no auto-login)	acceptance/phase1/p0-frontend-option2.spec.ts > P0 Frontend Option 2: Core Workflow & Account Recovery
chromium	acceptance/phase1/p0-frontend-option2.spec.ts	failed	2	31079	WORKFLOW-001: Inbox displays conversation list	acceptance/phase1/p0-frontend-option2.spec.ts > P0 Frontend Option 2: Core Workflow & Account Recovery
chromium	acceptance/phase1/p0-frontend-option2.spec.ts	failed	2	31139	WORKFLOW-002: User can open conversation detail	acceptance/phase1/p0-frontend-option2.spec.ts > P0 Frontend Option 2: Core Workflow & Account Recovery
chromium	acceptance/phase1/p0-frontend-option2.spec.ts	failed	2	31160	WORKFLOW-003: Message displays with delivery status (pending/sent)	acceptance/phase1/p0-frontend-option2.spec.ts > P0 Frontend Option 2: Core Workflow & Account Recovery
chromium	acceptance/phase1/p0-frontend-option2.spec.ts	failed	2	31179	WORKFLOW-004: Failed message shows retry button (exactly once per message)	acceptance/phase1/p0-frontend-option2.spec.ts > P0 Frontend Option 2: Core Workflow & Account Recovery
chromium	acceptance/phase1/p0-frontend-option2.spec.ts	failed	2	31122	WORKFLOW-005: User can reply to conversation	acceptance/phase1/p0-frontend-option2.spec.ts > P0 Frontend Option 2: Core Workflow & Account Recovery
chromium	acceptance/phase1/p0-frontend-option2.spec.ts	failed	2	31125	REALTIME-001: WebSocket connection is initialized after auth	acceptance/phase1/p0-frontend-option2.spec.ts > P0 Frontend Option 2: Core Workflow & Account Recovery
chromium	acceptance/phase1/p0-frontend-option2.spec.ts	skipped	0	46	REALTIME-002: Reconnect indicator shows when disconnected	acceptance/phase1/p0-frontend-option2.spec.ts > P0 Frontend Option 2: Core Workflow & Account Recovery
chromium	acceptance/phase1/p0-frontend-option2.spec.ts	skipped	0	29	REALTIME-003: Page refreshes inbox on WebSocket reconnect	acceptance/phase1/p0-frontend-option2.spec.ts > P0 Frontend Option 2: Core Workflow & Account Recovery
chromium	acceptance/phase1/p0-frontend-option2.spec.ts	failed	2	31147	NOTIFICATIONS-001: Notification bell icon is visible in header	acceptance/phase1/p0-frontend-option2.spec.ts > P0 Frontend Option 2: Core Workflow & Account Recovery
chromium	acceptance/phase1/p0-frontend-option2.spec.ts	failed	2	31158	NOTIFICATIONS-002: Unread badge shows count	acceptance/phase1/p0-frontend-option2.spec.ts > P0 Frontend Option 2: Core Workflow & Account Recovery
chromium	acceptance/phase1/p0-frontend-option2.spec.ts	skipped	0	40	NOTIFICATIONS-003: Clicking notification marks as read	acceptance/phase1/p0-frontend-option2.spec.ts > P0 Frontend Option 2: Core Workflow & Account Recovery
chromium	acceptance/phase1/p0-frontend-option2.spec.ts	skipped	0	33	NOTIFICATIONS-004: Clicking notification navigates to conversation	acceptance/phase1/p0-frontend-option2.spec.ts > P0 Frontend Option 2: Core Workflow & Account Recovery
chromium	acceptance/phase1/p0-frontend-option2.spec.ts	skipped	0	25	NOTIFICATIONS-005: P0 only shows assignment notifications	acceptance/phase1/p0-frontend-option2.spec.ts > P0 Frontend Option 2: Core Workflow & Account Recovery
chromium	acceptance/phase1/p0-frontend-option2.spec.ts	failed	2	31095	RBAC-001: Super Admin/Admin/Manager can reply on all conversations	acceptance/phase1/p0-frontend-option2.spec.ts > P0 Frontend Option 2: Core Workflow & Account Recovery
chromium	acceptance/phase1/p0-frontend-option2.spec.ts	skipped	0	47	RBAC-002: User role can only reply on assigned conversations	acceptance/phase1/p0-frontend-option2.spec.ts > P0 Frontend Option 2: Core Workflow & Account Recovery
chromium	acceptance/phase1/p0-frontend-option2.spec.ts	failed	2	31126	RBAC-003: Super Admin/Admin/Manager can retry failed messages	acceptance/phase1/p0-frontend-option2.spec.ts > P0 Frontend Option 2: Core Workflow & Account Recovery
chromium	acceptance/phase1/p0-frontend-option2.spec.ts	failed	2	31383	STATUS-001: Conversation status displays as read-only badge	acceptance/phase1/p0-frontend-option2.spec.ts > P0 Frontend Option 2: Core Workflow & Account Recovery
chromium	acceptance/phase1/p0-frontend-option2.spec.ts	failed	2	31490	STATUS-002: No status change controls in P0	acceptance/phase1/p0-frontend-option2.spec.ts > P0 Frontend Option 2: Core Workflow & Account Recovery
firefox	acceptance/phase1/p0-frontend-option2.spec.ts	failed	2	34356	AUTH-001: User can login and access inbox	acceptance/phase1/p0-frontend-option2.spec.ts > P0 Frontend Option 2: Core Workflow & Account Recovery
firefox	acceptance/phase1/p0-frontend-option2.spec.ts	passed	0	1069	AUTH-002: Protected routes redirect unauthenticated users to login	acceptance/phase1/p0-frontend-option2.spec.ts > P0 Frontend Option 2: Core Workflow & Account Recovery
firefox	acceptance/phase1/p0-frontend-option2.spec.ts	failed	2	33646	AUTH-003: User can logout and session is invalidated	acceptance/phase1/p0-frontend-option2.spec.ts > P0 Frontend Option 2: Core Workflow & Account Recovery
firefox	acceptance/phase1/p0-frontend-option2.spec.ts	failed	2	34188	AUTH-004: RBAC - User role controls UI visibility	acceptance/phase1/p0-frontend-option2.spec.ts > P0 Frontend Option 2: Core Workflow & Account Recovery
firefox	acceptance/phase1/p0-frontend-option2.spec.ts	passed	0	1064	AUTH-005: Deep link to protected page redirects unauthenticated user	acceptance/phase1/p0-frontend-option2.spec.ts > P0 Frontend Option 2: Core Workflow & Account Recovery
firefox	acceptance/phase1/p0-frontend-option2.spec.ts	passed	0	674	RECOVERY-001: Forgot password page is accessible	acceptance/phase1/p0-frontend-option2.spec.ts > P0 Frontend Option 2: Core Workflow & Account Recovery
firefox	acceptance/phase1/p0-frontend-option2.spec.ts	passed	0	644	RECOVERY-002: Forgot password accepts email and shows success message	acceptance/phase1/p0-frontend-option2.spec.ts > P0 Frontend Option 2: Core Workflow & Account Recovery
firefox	acceptance/phase1/p0-frontend-option2.spec.ts	passed	0	1205	RECOVERY-003: Reset password page validates token from URL	acceptance/phase1/p0-frontend-option2.spec.ts > P0 Frontend Option 2: Core Workflow & Account Recovery
firefox	acceptance/phase1/p0-frontend-option2.spec.ts	passed	0	605	RECOVERY-004: Reset password validates password match and strength	acceptance/phase1/p0-frontend-option2.spec.ts > P0 Frontend Option 2: Core Workflow & Account Recovery
firefox	acceptance/phase1/p0-frontend-option2.spec.ts	skipped	0	161	RECOVERY-005: Reset password redirects to login (no auto-login)	acceptance/phase1/p0-frontend-option2.spec.ts > P0 Frontend Option 2: Core Workflow & Account Recovery
firefox	acceptance/phase1/p0-frontend-option2.spec.ts	failed	2	33474	WORKFLOW-001: Inbox displays conversation list	acceptance/phase1/p0-frontend-option2.spec.ts > P0 Frontend Option 2: Core Workflow & Account Recovery
firefox	acceptance/phase1/p0-frontend-option2.spec.ts	failed	2	33848	WORKFLOW-002: User can open conversation detail	acceptance/phase1/p0-frontend-option2.spec.ts > P0 Frontend Option 2: Core Workflow & Account Recovery
firefox	acceptance/phase1/p0-frontend-option2.spec.ts	failed	2	34533	WORKFLOW-003: Message displays with delivery status (pending/sent)	acceptance/phase1/p0-frontend-option2.spec.ts > P0 Frontend Option 2: Core Workflow & Account Recovery
firefox	acceptance/phase1/p0-frontend-option2.spec.ts	failed	2	34139	WORKFLOW-004: Failed message shows retry button (exactly once per message)	acceptance/phase1/p0-frontend-option2.spec.ts > P0 Frontend Option 2: Core Workflow & Account Recovery
firefox	acceptance/phase1/p0-frontend-option2.spec.ts	failed	2	34026	WORKFLOW-005: User can reply to conversation	acceptance/phase1/p0-frontend-option2.spec.ts > P0 Frontend Option 2: Core Workflow & Account Recovery
firefox	acceptance/phase1/p0-frontend-option2.spec.ts	failed	2	34355	REALTIME-001: WebSocket connection is initialized after auth	acceptance/phase1/p0-frontend-option2.spec.ts > P0 Frontend Option 2: Core Workflow & Account Recovery
firefox	acceptance/phase1/p0-frontend-option2.spec.ts	skipped	0	629	REALTIME-002: Reconnect indicator shows when disconnected	acceptance/phase1/p0-frontend-option2.spec.ts > P0 Frontend Option 2: Core Workflow & Account Recovery
firefox	acceptance/phase1/p0-frontend-option2.spec.ts	skipped	0	304	REALTIME-003: Page refreshes inbox on WebSocket reconnect	acceptance/phase1/p0-frontend-option2.spec.ts > P0 Frontend Option 2: Core Workflow & Account Recovery
firefox	acceptance/phase1/p0-frontend-option2.spec.ts	failed	2	33902	NOTIFICATIONS-001: Notification bell icon is visible in header	acceptance/phase1/p0-frontend-option2.spec.ts > P0 Frontend Option 2: Core Workflow & Account Recovery
firefox	acceptance/phase1/p0-frontend-option2.spec.ts	failed	2	34195	NOTIFICATIONS-002: Unread badge shows count	acceptance/phase1/p0-frontend-option2.spec.ts > P0 Frontend Option 2: Core Workflow & Account Recovery
firefox	acceptance/phase1/p0-frontend-option2.spec.ts	skipped	0	615	NOTIFICATIONS-003: Clicking notification marks as read	acceptance/phase1/p0-frontend-option2.spec.ts > P0 Frontend Option 2: Core Workflow & Account Recovery
firefox	acceptance/phase1/p0-frontend-option2.spec.ts	skipped	0	288	NOTIFICATIONS-004: Clicking notification navigates to conversation	acceptance/phase1/p0-frontend-option2.spec.ts > P0 Frontend Option 2: Core Workflow & Account Recovery
firefox	acceptance/phase1/p0-frontend-option2.spec.ts	skipped	0	193	NOTIFICATIONS-005: P0 only shows assignment notifications	acceptance/phase1/p0-frontend-option2.spec.ts > P0 Frontend Option 2: Core Workflow & Account Recovery
firefox	acceptance/phase1/p0-frontend-option2.spec.ts	failed	2	33608	RBAC-001: Super Admin/Admin/Manager can reply on all conversations	acceptance/phase1/p0-frontend-option2.spec.ts > P0 Frontend Option 2: Core Workflow & Account Recovery
firefox	acceptance/phase1/p0-frontend-option2.spec.ts	skipped	0	618	RBAC-002: User role can only reply on assigned conversations	acceptance/phase1/p0-frontend-option2.spec.ts > P0 Frontend Option 2: Core Workflow & Account Recovery
firefox	acceptance/phase1/p0-frontend-option2.spec.ts	failed	2	33765	RBAC-003: Super Admin/Admin/Manager can retry failed messages	acceptance/phase1/p0-frontend-option2.spec.ts > P0 Frontend Option 2: Core Workflow & Account Recovery
firefox	acceptance/phase1/p0-frontend-option2.spec.ts	failed	2	34320	STATUS-001: Conversation status displays as read-only badge	acceptance/phase1/p0-frontend-option2.spec.ts > P0 Frontend Option 2: Core Workflow & Account Recovery
firefox	acceptance/phase1/p0-frontend-option2.spec.ts	failed	2	34309	STATUS-002: No status change controls in P0	acceptance/phase1/p0-frontend-option2.spec.ts > P0 Frontend Option 2: Core Workflow & Account Recovery
webkit	acceptance/phase1/p0-frontend-option2.spec.ts	failed	2	33544	AUTH-001: User can login and access inbox	acceptance/phase1/p0-frontend-option2.spec.ts > P0 Frontend Option 2: Core Workflow & Account Recovery
webkit	acceptance/phase1/p0-frontend-option2.spec.ts	passed	0	602	AUTH-002: Protected routes redirect unauthenticated users to login	acceptance/phase1/p0-frontend-option2.spec.ts > P0 Frontend Option 2: Core Workflow & Account Recovery
webkit	acceptance/phase1/p0-frontend-option2.spec.ts	failed	2	34710	AUTH-003: User can logout and session is invalidated	acceptance/phase1/p0-frontend-option2.spec.ts > P0 Frontend Option 2: Core Workflow & Account Recovery
webkit	acceptance/phase1/p0-frontend-option2.spec.ts	failed	2	33552	AUTH-004: RBAC - User role controls UI visibility	acceptance/phase1/p0-frontend-option2.spec.ts > P0 Frontend Option 2: Core Workflow & Account Recovery
webkit	acceptance/phase1/p0-frontend-option2.spec.ts	passed	0	440	AUTH-005: Deep link to protected page redirects unauthenticated user	acceptance/phase1/p0-frontend-option2.spec.ts > P0 Frontend Option 2: Core Workflow & Account Recovery
webkit	acceptance/phase1/p0-frontend-option2.spec.ts	passed	0	972	RECOVERY-001: Forgot password page is accessible	acceptance/phase1/p0-frontend-option2.spec.ts > P0 Frontend Option 2: Core Workflow & Account Recovery
webkit	acceptance/phase1/p0-frontend-option2.spec.ts	passed	0	1365	RECOVERY-002: Forgot password accepts email and shows success message	acceptance/phase1/p0-frontend-option2.spec.ts > P0 Frontend Option 2: Core Workflow & Account Recovery
webkit	acceptance/phase1/p0-frontend-option2.spec.ts	passed	0	863	RECOVERY-003: Reset password page validates token from URL	acceptance/phase1/p0-frontend-option2.spec.ts > P0 Frontend Option 2: Core Workflow & Account Recovery
webkit	acceptance/phase1/p0-frontend-option2.spec.ts	passed	0	1255	RECOVERY-004: Reset password validates password match and strength	acceptance/phase1/p0-frontend-option2.spec.ts > P0 Frontend Option 2: Core Workflow & Account Recovery
webkit	acceptance/phase1/p0-frontend-option2.spec.ts	skipped	0	300	RECOVERY-005: Reset password redirects to login (no auto-login)	acceptance/phase1/p0-frontend-option2.spec.ts > P0 Frontend Option 2: Core Workflow & Account Recovery
webkit	acceptance/phase1/p0-frontend-option2.spec.ts	failed	2	35099	WORKFLOW-001: Inbox displays conversation list	acceptance/phase1/p0-frontend-option2.spec.ts > P0 Frontend Option 2: Core Workflow & Account Recovery
webkit	acceptance/phase1/p0-frontend-option2.spec.ts	failed	2	35041	WORKFLOW-002: User can open conversation detail	acceptance/phase1/p0-frontend-option2.spec.ts > P0 Frontend Option 2: Core Workflow & Account Recovery
webkit	acceptance/phase1/p0-frontend-option2.spec.ts	failed	2	33087	WORKFLOW-003: Message displays with delivery status (pending/sent)	acceptance/phase1/p0-frontend-option2.spec.ts > P0 Frontend Option 2: Core Workflow & Account Recovery
webkit	acceptance/phase1/p0-frontend-option2.spec.ts	failed	2	32964	WORKFLOW-004: Failed message shows retry button (exactly once per message)	acceptance/phase1/p0-frontend-option2.spec.ts > P0 Frontend Option 2: Core Workflow & Account Recovery
webkit	acceptance/phase1/p0-frontend-option2.spec.ts	failed	2	33455	WORKFLOW-005: User can reply to conversation	acceptance/phase1/p0-frontend-option2.spec.ts > P0 Frontend Option 2: Core Workflow & Account Recovery
webkit	acceptance/phase1/p0-frontend-option2.spec.ts	failed	2	33483	REALTIME-001: WebSocket connection is initialized after auth	acceptance/phase1/p0-frontend-option2.spec.ts > P0 Frontend Option 2: Core Workflow & Account Recovery
webkit	acceptance/phase1/p0-frontend-option2.spec.ts	skipped	0	177	REALTIME-002: Reconnect indicator shows when disconnected	acceptance/phase1/p0-frontend-option2.spec.ts > P0 Frontend Option 2: Core Workflow & Account Recovery
webkit	acceptance/phase1/p0-frontend-option2.spec.ts	skipped	0	170	REALTIME-003: Page refreshes inbox on WebSocket reconnect	acceptance/phase1/p0-frontend-option2.spec.ts > P0 Frontend Option 2: Core Workflow & Account Recovery
webkit	acceptance/phase1/p0-frontend-option2.spec.ts	failed	2	33268	NOTIFICATIONS-001: Notification bell icon is visible in header	acceptance/phase1/p0-frontend-option2.spec.ts > P0 Frontend Option 2: Core Workflow & Account Recovery
webkit	acceptance/phase1/p0-frontend-option2.spec.ts	failed	2	33062	NOTIFICATIONS-002: Unread badge shows count	acceptance/phase1/p0-frontend-option2.spec.ts > P0 Frontend Option 2: Core Workflow & Account Recovery
webkit	acceptance/phase1/p0-frontend-option2.spec.ts	skipped	0	182	NOTIFICATIONS-003: Clicking notification marks as read	acceptance/phase1/p0-frontend-option2.spec.ts > P0 Frontend Option 2: Core Workflow & Account Recovery
webkit	acceptance/phase1/p0-frontend-option2.spec.ts	skipped	0	192	NOTIFICATIONS-004: Clicking notification navigates to conversation	acceptance/phase1/p0-frontend-option2.spec.ts > P0 Frontend Option 2: Core Workflow & Account Recovery
webkit	acceptance/phase1/p0-frontend-option2.spec.ts	skipped	0	172	NOTIFICATIONS-005: P0 only shows assignment notifications	acceptance/phase1/p0-frontend-option2.spec.ts > P0 Frontend Option 2: Core Workflow & Account Recovery
webkit	acceptance/phase1/p0-frontend-option2.spec.ts	failed	2	34992	RBAC-001: Super Admin/Admin/Manager can reply on all conversations	acceptance/phase1/p0-frontend-option2.spec.ts > P0 Frontend Option 2: Core Workflow & Account Recovery
webkit	acceptance/phase1/p0-frontend-option2.spec.ts	skipped	0	229	RBAC-002: User role can only reply on assigned conversations	acceptance/phase1/p0-frontend-option2.spec.ts > P0 Frontend Option 2: Core Workflow & Account Recovery
webkit	acceptance/phase1/p0-frontend-option2.spec.ts	failed	2	35425	RBAC-003: Super Admin/Admin/Manager can retry failed messages	acceptance/phase1/p0-frontend-option2.spec.ts > P0 Frontend Option 2: Core Workflow & Account Recovery
webkit	acceptance/phase1/p0-frontend-option2.spec.ts	failed	2	35791	STATUS-001: Conversation status displays as read-only badge	acceptance/phase1/p0-frontend-option2.spec.ts > P0 Frontend Option 2: Core Workflow & Account Recovery
webkit	acceptance/phase1/p0-frontend-option2.spec.ts	failed	2	35245	STATUS-002: No status change controls in P0	acceptance/phase1/p0-frontend-option2.spec.ts > P0 Frontend Option 2: Core Workflow & Account Recovery
chromium	acceptance/phase2/assignments.spec.ts	failed	2	31515	HP-ASSIGN-001: Assign conversation to manager	acceptance/phase2/assignments.spec.ts > Assignments Feature - Complete Acceptance Tests
chromium	acceptance/phase2/assignments.spec.ts	failed	2	31425	HP-ASSIGN-002: Reassign conversation - override old assignee	acceptance/phase2/assignments.spec.ts > Assignments Feature - Complete Acceptance Tests
chromium	acceptance/phase2/assignments.spec.ts	failed	2	31616	HP-ASSIGN-003: Assignee sees in filter "assigned to me"	acceptance/phase2/assignments.spec.ts > Assignments Feature - Complete Acceptance Tests
chromium	acceptance/phase2/assignments.spec.ts	failed	2	31326	HP-ASSIGN-004: Assignment sends notification to assignee	acceptance/phase2/assignments.spec.ts > Assignments Feature - Complete Acceptance Tests
chromium	acceptance/phase2/assignments.spec.ts	failed	2	31561	HP-ASSIGN-005: Clear assignment - unassign conversation	acceptance/phase2/assignments.spec.ts > Assignments Feature - Complete Acceptance Tests
chromium	acceptance/phase2/assignments.spec.ts	failed	2	31350	RBAC-ASSIGN-006: User cannot assign conversation	acceptance/phase2/assignments.spec.ts > Assignments Feature - Complete Acceptance Tests
chromium	acceptance/phase2/assignments.spec.ts	failed	2	31382	RBAC-ASSIGN-007: Manager can assign conversation	acceptance/phase2/assignments.spec.ts > Assignments Feature - Complete Acceptance Tests
chromium	acceptance/phase2/assignments.spec.ts	failed	2	31511	AUD-ASSIGN-008: Assignment logged in audit trail	acceptance/phase2/assignments.spec.ts > Assignments Feature - Complete Acceptance Tests
chromium	acceptance/phase2/assignments.spec.ts	failed	2	31404	AUD-ASSIGN-009: Reassignment logged with old and new assignee	acceptance/phase2/assignments.spec.ts > Assignments Feature - Complete Acceptance Tests
chromium	acceptance/phase2/assignments.spec.ts	failed	2	31301	EDGE-ASSIGN-010: Assignment notification persists across reload	acceptance/phase2/assignments.spec.ts > Assignments Feature - Complete Acceptance Tests
firefox	acceptance/phase2/assignments.spec.ts	failed	2	34341	HP-ASSIGN-001: Assign conversation to manager	acceptance/phase2/assignments.spec.ts > Assignments Feature - Complete Acceptance Tests
firefox	acceptance/phase2/assignments.spec.ts	failed	2	34376	HP-ASSIGN-002: Reassign conversation - override old assignee	acceptance/phase2/assignments.spec.ts > Assignments Feature - Complete Acceptance Tests
firefox	acceptance/phase2/assignments.spec.ts	failed	2	34402	HP-ASSIGN-003: Assignee sees in filter "assigned to me"	acceptance/phase2/assignments.spec.ts > Assignments Feature - Complete Acceptance Tests
firefox	acceptance/phase2/assignments.spec.ts	failed	2	34419	HP-ASSIGN-004: Assignment sends notification to assignee	acceptance/phase2/assignments.spec.ts > Assignments Feature - Complete Acceptance Tests
firefox	acceptance/phase2/assignments.spec.ts	failed	2	34392	HP-ASSIGN-005: Clear assignment - unassign conversation	acceptance/phase2/assignments.spec.ts > Assignments Feature - Complete Acceptance Tests
firefox	acceptance/phase2/assignments.spec.ts	failed	2	34182	RBAC-ASSIGN-006: User cannot assign conversation	acceptance/phase2/assignments.spec.ts > Assignments Feature - Complete Acceptance Tests
firefox	acceptance/phase2/assignments.spec.ts	failed	2	39207	RBAC-ASSIGN-007: Manager can assign conversation	acceptance/phase2/assignments.spec.ts > Assignments Feature - Complete Acceptance Tests
firefox	acceptance/phase2/assignments.spec.ts	failed	2	35875	AUD-ASSIGN-008: Assignment logged in audit trail	acceptance/phase2/assignments.spec.ts > Assignments Feature - Complete Acceptance Tests
firefox	acceptance/phase2/assignments.spec.ts	failed	2	36734	AUD-ASSIGN-009: Reassignment logged with old and new assignee	acceptance/phase2/assignments.spec.ts > Assignments Feature - Complete Acceptance Tests
firefox	acceptance/phase2/assignments.spec.ts	failed	2	35170	EDGE-ASSIGN-010: Assignment notification persists across reload	acceptance/phase2/assignments.spec.ts > Assignments Feature - Complete Acceptance Tests
webkit	acceptance/phase2/assignments.spec.ts	failed	2	35157	HP-ASSIGN-001: Assign conversation to manager	acceptance/phase2/assignments.spec.ts > Assignments Feature - Complete Acceptance Tests
webkit	acceptance/phase2/assignments.spec.ts	failed	2	35065	HP-ASSIGN-002: Reassign conversation - override old assignee	acceptance/phase2/assignments.spec.ts > Assignments Feature - Complete Acceptance Tests
webkit	acceptance/phase2/assignments.spec.ts	failed	2	34233	HP-ASSIGN-003: Assignee sees in filter "assigned to me"	acceptance/phase2/assignments.spec.ts > Assignments Feature - Complete Acceptance Tests
webkit	acceptance/phase2/assignments.spec.ts	failed	2	33840	HP-ASSIGN-004: Assignment sends notification to assignee	acceptance/phase2/assignments.spec.ts > Assignments Feature - Complete Acceptance Tests
webkit	acceptance/phase2/assignments.spec.ts	failed	2	34012	HP-ASSIGN-005: Clear assignment - unassign conversation	acceptance/phase2/assignments.spec.ts > Assignments Feature - Complete Acceptance Tests
webkit	acceptance/phase2/assignments.spec.ts	failed	2	34133	RBAC-ASSIGN-006: User cannot assign conversation	acceptance/phase2/assignments.spec.ts > Assignments Feature - Complete Acceptance Tests
webkit	acceptance/phase2/assignments.spec.ts	failed	2	33785	RBAC-ASSIGN-007: Manager can assign conversation	acceptance/phase2/assignments.spec.ts > Assignments Feature - Complete Acceptance Tests
webkit	acceptance/phase2/assignments.spec.ts	failed	2	33576	AUD-ASSIGN-008: Assignment logged in audit trail	acceptance/phase2/assignments.spec.ts > Assignments Feature - Complete Acceptance Tests
webkit	acceptance/phase2/assignments.spec.ts	failed	2	32734	AUD-ASSIGN-009: Reassignment logged with old and new assignee	acceptance/phase2/assignments.spec.ts > Assignments Feature - Complete Acceptance Tests
webkit	acceptance/phase2/assignments.spec.ts	failed	2	33680	EDGE-ASSIGN-010: Assignment notification persists across reload	acceptance/phase2/assignments.spec.ts > Assignments Feature - Complete Acceptance Tests
chromium	acceptance/phase2/audit-logs-export.spec.ts	failed	2	31237	HP-AUDIT-001: Query audit logs by action - assigned	acceptance/phase2/audit-logs-export.spec.ts > Audit Logs & Export Feature - Complete Acceptance Tests
chromium	acceptance/phase2/audit-logs-export.spec.ts	failed	2	31370	HP-AUDIT-002: Query audit logs by action - tag_added	acceptance/phase2/audit-logs-export.spec.ts > Audit Logs & Export Feature - Complete Acceptance Tests
chromium	acceptance/phase2/audit-logs-export.spec.ts	failed	2	31193	HP-AUDIT-003: Query audit logs by actor	acceptance/phase2/audit-logs-export.spec.ts > Audit Logs & Export Feature - Complete Acceptance Tests
chromium	acceptance/phase2/audit-logs-export.spec.ts	failed	2	31247	HP-AUDIT-004: Query audit logs by entity_id	acceptance/phase2/audit-logs-export.spec.ts > Audit Logs & Export Feature - Complete Acceptance Tests
chromium	acceptance/phase2/audit-logs-export.spec.ts	failed	2	31223	HP-AUDIT-005: Query audit logs by date range	acceptance/phase2/audit-logs-export.spec.ts > Audit Logs & Export Feature - Complete Acceptance Tests
chromium	acceptance/phase2/audit-logs-export.spec.ts	failed	2	31149	HP-AUDIT-006: Query audit logs with pagination	acceptance/phase2/audit-logs-export.spec.ts > Audit Logs & Export Feature - Complete Acceptance Tests
chromium	acceptance/phase2/audit-logs-export.spec.ts	failed	2	31258	HP-AUDIT-007: Conversation audit trail view	acceptance/phase2/audit-logs-export.spec.ts > Audit Logs & Export Feature - Complete Acceptance Tests
chromium	acceptance/phase2/audit-logs-export.spec.ts	failed	2	31143	HP-AUDIT-008: Export audit logs to CSV	acceptance/phase2/audit-logs-export.spec.ts > Audit Logs & Export Feature - Complete Acceptance Tests
chromium	acceptance/phase2/audit-logs-export.spec.ts	failed	2	31151	EDGE-AUDIT-009: Audit logs sorted by date descending	acceptance/phase2/audit-logs-export.spec.ts > Audit Logs & Export Feature - Complete Acceptance Tests
chromium	acceptance/phase2/audit-logs-export.spec.ts	failed	2	31150	EDGE-AUDIT-010: Empty audit logs result	acceptance/phase2/audit-logs-export.spec.ts > Audit Logs & Export Feature - Complete Acceptance Tests
chromium	acceptance/phase2/audit-logs-export.spec.ts	failed	2	31163	RBAC-AUDIT-011: Manager can view but not export audit logs	acceptance/phase2/audit-logs-export.spec.ts > Audit Logs & Export Feature - Complete Acceptance Tests
chromium	acceptance/phase2/audit-logs-export.spec.ts	failed	2	31137	RBAC-AUDIT-012: User cannot view audit logs	acceptance/phase2/audit-logs-export.spec.ts > Audit Logs & Export Feature - Complete Acceptance Tests
chromium	acceptance/phase2/audit-logs-export.spec.ts	failed	2	31153	RBAC-AUDIT-013: Admin can export audit logs	acceptance/phase2/audit-logs-export.spec.ts > Audit Logs & Export Feature - Complete Acceptance Tests
chromium	acceptance/phase2/audit-logs-export.spec.ts	failed	2	31137	AUD-AUDIT-014: Filter audit logs returns correct results	acceptance/phase2/audit-logs-export.spec.ts > Audit Logs & Export Feature - Complete Acceptance Tests
firefox	acceptance/phase2/audit-logs-export.spec.ts	failed	2	33967	HP-AUDIT-001: Query audit logs by action - assigned	acceptance/phase2/audit-logs-export.spec.ts > Audit Logs & Export Feature - Complete Acceptance Tests
firefox	acceptance/phase2/audit-logs-export.spec.ts	failed	2	34871	HP-AUDIT-002: Query audit logs by action - tag_added	acceptance/phase2/audit-logs-export.spec.ts > Audit Logs & Export Feature - Complete Acceptance Tests
firefox	acceptance/phase2/audit-logs-export.spec.ts	failed	2	34894	HP-AUDIT-003: Query audit logs by actor	acceptance/phase2/audit-logs-export.spec.ts > Audit Logs & Export Feature - Complete Acceptance Tests
firefox	acceptance/phase2/audit-logs-export.spec.ts	failed	2	34450	HP-AUDIT-004: Query audit logs by entity_id	acceptance/phase2/audit-logs-export.spec.ts > Audit Logs & Export Feature - Complete Acceptance Tests
firefox	acceptance/phase2/audit-logs-export.spec.ts	failed	2	34187	HP-AUDIT-005: Query audit logs by date range	acceptance/phase2/audit-logs-export.spec.ts > Audit Logs & Export Feature - Complete Acceptance Tests
firefox	acceptance/phase2/audit-logs-export.spec.ts	failed	2	34150	HP-AUDIT-006: Query audit logs with pagination	acceptance/phase2/audit-logs-export.spec.ts > Audit Logs & Export Feature - Complete Acceptance Tests
firefox	acceptance/phase2/audit-logs-export.spec.ts	failed	2	34888	HP-AUDIT-007: Conversation audit trail view	acceptance/phase2/audit-logs-export.spec.ts > Audit Logs & Export Feature - Complete Acceptance Tests
firefox	acceptance/phase2/audit-logs-export.spec.ts	failed	2	34264	HP-AUDIT-008: Export audit logs to CSV	acceptance/phase2/audit-logs-export.spec.ts > Audit Logs & Export Feature - Complete Acceptance Tests
firefox	acceptance/phase2/audit-logs-export.spec.ts	failed	2	34280	EDGE-AUDIT-009: Audit logs sorted by date descending	acceptance/phase2/audit-logs-export.spec.ts > Audit Logs & Export Feature - Complete Acceptance Tests
firefox	acceptance/phase2/audit-logs-export.spec.ts	failed	2	34248	EDGE-AUDIT-010: Empty audit logs result	acceptance/phase2/audit-logs-export.spec.ts > Audit Logs & Export Feature - Complete Acceptance Tests
firefox	acceptance/phase2/audit-logs-export.spec.ts	failed	2	34311	RBAC-AUDIT-011: Manager can view but not export audit logs	acceptance/phase2/audit-logs-export.spec.ts > Audit Logs & Export Feature - Complete Acceptance Tests
firefox	acceptance/phase2/audit-logs-export.spec.ts	failed	2	34567	RBAC-AUDIT-012: User cannot view audit logs	acceptance/phase2/audit-logs-export.spec.ts > Audit Logs & Export Feature - Complete Acceptance Tests
firefox	acceptance/phase2/audit-logs-export.spec.ts	failed	2	34429	RBAC-AUDIT-013: Admin can export audit logs	acceptance/phase2/audit-logs-export.spec.ts > Audit Logs & Export Feature - Complete Acceptance Tests
firefox	acceptance/phase2/audit-logs-export.spec.ts	failed	2	34235	AUD-AUDIT-014: Filter audit logs returns correct results	acceptance/phase2/audit-logs-export.spec.ts > Audit Logs & Export Feature - Complete Acceptance Tests
webkit	acceptance/phase2/audit-logs-export.spec.ts	failed	2	34548	HP-AUDIT-001: Query audit logs by action - assigned	acceptance/phase2/audit-logs-export.spec.ts > Audit Logs & Export Feature - Complete Acceptance Tests
webkit	acceptance/phase2/audit-logs-export.spec.ts	failed	2	34571	HP-AUDIT-002: Query audit logs by action - tag_added	acceptance/phase2/audit-logs-export.spec.ts > Audit Logs & Export Feature - Complete Acceptance Tests
webkit	acceptance/phase2/audit-logs-export.spec.ts	failed	2	33600	HP-AUDIT-003: Query audit logs by actor	acceptance/phase2/audit-logs-export.spec.ts > Audit Logs & Export Feature - Complete Acceptance Tests
webkit	acceptance/phase2/audit-logs-export.spec.ts	failed	2	35565	HP-AUDIT-004: Query audit logs by entity_id	acceptance/phase2/audit-logs-export.spec.ts > Audit Logs & Export Feature - Complete Acceptance Tests
webkit	acceptance/phase2/audit-logs-export.spec.ts	failed	2	35121	HP-AUDIT-005: Query audit logs by date range	acceptance/phase2/audit-logs-export.spec.ts > Audit Logs & Export Feature - Complete Acceptance Tests
webkit	acceptance/phase2/audit-logs-export.spec.ts	failed	2	34984	HP-AUDIT-006: Query audit logs with pagination	acceptance/phase2/audit-logs-export.spec.ts > Audit Logs & Export Feature - Complete Acceptance Tests
webkit	acceptance/phase2/audit-logs-export.spec.ts	failed	2	35631	HP-AUDIT-007: Conversation audit trail view	acceptance/phase2/audit-logs-export.spec.ts > Audit Logs & Export Feature - Complete Acceptance Tests
webkit	acceptance/phase2/audit-logs-export.spec.ts	failed	2	34140	HP-AUDIT-008: Export audit logs to CSV	acceptance/phase2/audit-logs-export.spec.ts > Audit Logs & Export Feature - Complete Acceptance Tests
webkit	acceptance/phase2/audit-logs-export.spec.ts	failed	2	32728	EDGE-AUDIT-009: Audit logs sorted by date descending	acceptance/phase2/audit-logs-export.spec.ts > Audit Logs & Export Feature - Complete Acceptance Tests
webkit	acceptance/phase2/audit-logs-export.spec.ts	failed	2	33281	EDGE-AUDIT-010: Empty audit logs result	acceptance/phase2/audit-logs-export.spec.ts > Audit Logs & Export Feature - Complete Acceptance Tests
webkit	acceptance/phase2/audit-logs-export.spec.ts	failed	2	32746	RBAC-AUDIT-011: Manager can view but not export audit logs	acceptance/phase2/audit-logs-export.spec.ts > Audit Logs & Export Feature - Complete Acceptance Tests
webkit	acceptance/phase2/audit-logs-export.spec.ts	failed	2	33299	RBAC-AUDIT-012: User cannot view audit logs	acceptance/phase2/audit-logs-export.spec.ts > Audit Logs & Export Feature - Complete Acceptance Tests
webkit	acceptance/phase2/audit-logs-export.spec.ts	failed	2	32749	RBAC-AUDIT-013: Admin can export audit logs	acceptance/phase2/audit-logs-export.spec.ts > Audit Logs & Export Feature - Complete Acceptance Tests
webkit	acceptance/phase2/audit-logs-export.spec.ts	failed	2	33194	AUD-AUDIT-014: Filter audit logs returns correct results	acceptance/phase2/audit-logs-export.spec.ts > Audit Logs & Export Feature - Complete Acceptance Tests
chromium	acceptance/phase2/bulk-actions.spec.ts	failed	2	31173	HP-BULK-001: Bulk assign 50 conversations	acceptance/phase2/bulk-actions.spec.ts > Bulk Actions Feature - Complete Acceptance Tests
chromium	acceptance/phase2/bulk-actions.spec.ts	failed	2	31170	HP-BULK-002: Bulk tag conversations	acceptance/phase2/bulk-actions.spec.ts > Bulk Actions Feature - Complete Acceptance Tests
chromium	acceptance/phase2/bulk-actions.spec.ts	failed	2	31127	HP-BULK-003: Bulk change status to pending	acceptance/phase2/bulk-actions.spec.ts > Bulk Actions Feature - Complete Acceptance Tests
chromium	acceptance/phase2/bulk-actions.spec.ts	failed	2	31123	HP-BULK-004: Bulk change status to resolved	acceptance/phase2/bulk-actions.spec.ts > Bulk Actions Feature - Complete Acceptance Tests
chromium	acceptance/phase2/bulk-actions.spec.ts	failed	2	31191	HP-BULK-005: Bulk change priority to high	acceptance/phase2/bulk-actions.spec.ts > Bulk Actions Feature - Complete Acceptance Tests
chromium	acceptance/phase2/bulk-actions.spec.ts	failed	2	31135	EDGE-BULK-006: Bulk action with exactly 100 conversations succeeds	acceptance/phase2/bulk-actions.spec.ts > Bulk Actions Feature - Complete Acceptance Tests
chromium	acceptance/phase2/bulk-actions.spec.ts	failed	2	31170	EDGE-BULK-007: Bulk action with 101+ returns validation error	acceptance/phase2/bulk-actions.spec.ts > Bulk Actions Feature - Complete Acceptance Tests
chromium	acceptance/phase2/bulk-actions.spec.ts	failed	2	31150	EDGE-BULK-008: Best-effort partial failure with invalid IDs	acceptance/phase2/bulk-actions.spec.ts > Bulk Actions Feature - Complete Acceptance Tests
chromium	acceptance/phase2/bulk-actions.spec.ts	failed	2	31168	EDGE-BULK-009: Failures array returned with reason	acceptance/phase2/bulk-actions.spec.ts > Bulk Actions Feature - Complete Acceptance Tests
chromium	acceptance/phase2/bulk-actions.spec.ts	failed	2	31143	RBAC-BULK-010: User cannot perform bulk actions	acceptance/phase2/bulk-actions.spec.ts > Bulk Actions Feature - Complete Acceptance Tests
chromium	acceptance/phase2/bulk-actions.spec.ts	failed	2	31177	RBAC-BULK-011: Manager can perform bulk actions	acceptance/phase2/bulk-actions.spec.ts > Bulk Actions Feature - Complete Acceptance Tests
chromium	acceptance/phase2/bulk-actions.spec.ts	failed	2	31131	AUD-BULK-012: Bulk action creates audit entries	acceptance/phase2/bulk-actions.spec.ts > Bulk Actions Feature - Complete Acceptance Tests
chromium	acceptance/phase2/bulk-actions.spec.ts	failed	2	31170	AUD-BULK-013: Each successful action logged separately	acceptance/phase2/bulk-actions.spec.ts > Bulk Actions Feature - Complete Acceptance Tests
chromium	acceptance/phase2/bulk-actions.spec.ts	failed	2	31121	EDGE-BULK-014: Empty selection shows validation error	acceptance/phase2/bulk-actions.spec.ts > Bulk Actions Feature - Complete Acceptance Tests
firefox	acceptance/phase2/bulk-actions.spec.ts	failed	2	34257	HP-BULK-001: Bulk assign 50 conversations	acceptance/phase2/bulk-actions.spec.ts > Bulk Actions Feature - Complete Acceptance Tests
firefox	acceptance/phase2/bulk-actions.spec.ts	failed	2	34302	HP-BULK-002: Bulk tag conversations	acceptance/phase2/bulk-actions.spec.ts > Bulk Actions Feature - Complete Acceptance Tests
firefox	acceptance/phase2/bulk-actions.spec.ts	failed	2	34354	HP-BULK-003: Bulk change status to pending	acceptance/phase2/bulk-actions.spec.ts > Bulk Actions Feature - Complete Acceptance Tests
firefox	acceptance/phase2/bulk-actions.spec.ts	failed	2	34380	HP-BULK-004: Bulk change status to resolved	acceptance/phase2/bulk-actions.spec.ts > Bulk Actions Feature - Complete Acceptance Tests
firefox	acceptance/phase2/bulk-actions.spec.ts	failed	2	34583	HP-BULK-005: Bulk change priority to high	acceptance/phase2/bulk-actions.spec.ts > Bulk Actions Feature - Complete Acceptance Tests
firefox	acceptance/phase2/bulk-actions.spec.ts	failed	2	34353	EDGE-BULK-006: Bulk action with exactly 100 conversations succeeds	acceptance/phase2/bulk-actions.spec.ts > Bulk Actions Feature - Complete Acceptance Tests
firefox	acceptance/phase2/bulk-actions.spec.ts	failed	2	34415	EDGE-BULK-007: Bulk action with 101+ returns validation error	acceptance/phase2/bulk-actions.spec.ts > Bulk Actions Feature - Complete Acceptance Tests
firefox	acceptance/phase2/bulk-actions.spec.ts	failed	2	34246	EDGE-BULK-008: Best-effort partial failure with invalid IDs	acceptance/phase2/bulk-actions.spec.ts > Bulk Actions Feature - Complete Acceptance Tests
firefox	acceptance/phase2/bulk-actions.spec.ts	failed	2	34202	EDGE-BULK-009: Failures array returned with reason	acceptance/phase2/bulk-actions.spec.ts > Bulk Actions Feature - Complete Acceptance Tests
firefox	acceptance/phase2/bulk-actions.spec.ts	failed	2	34304	RBAC-BULK-010: User cannot perform bulk actions	acceptance/phase2/bulk-actions.spec.ts > Bulk Actions Feature - Complete Acceptance Tests
firefox	acceptance/phase2/bulk-actions.spec.ts	failed	2	34452	RBAC-BULK-011: Manager can perform bulk actions	acceptance/phase2/bulk-actions.spec.ts > Bulk Actions Feature - Complete Acceptance Tests
firefox	acceptance/phase2/bulk-actions.spec.ts	failed	2	34324	AUD-BULK-012: Bulk action creates audit entries	acceptance/phase2/bulk-actions.spec.ts > Bulk Actions Feature - Complete Acceptance Tests
firefox	acceptance/phase2/bulk-actions.spec.ts	failed	2	34295	AUD-BULK-013: Each successful action logged separately	acceptance/phase2/bulk-actions.spec.ts > Bulk Actions Feature - Complete Acceptance Tests
firefox	acceptance/phase2/bulk-actions.spec.ts	failed	2	34258	EDGE-BULK-014: Empty selection shows validation error	acceptance/phase2/bulk-actions.spec.ts > Bulk Actions Feature - Complete Acceptance Tests
webkit	acceptance/phase2/bulk-actions.spec.ts	failed	2	32766	HP-BULK-001: Bulk assign 50 conversations	acceptance/phase2/bulk-actions.spec.ts > Bulk Actions Feature - Complete Acceptance Tests
webkit	acceptance/phase2/bulk-actions.spec.ts	failed	2	33286	HP-BULK-002: Bulk tag conversations	acceptance/phase2/bulk-actions.spec.ts > Bulk Actions Feature - Complete Acceptance Tests
webkit	acceptance/phase2/bulk-actions.spec.ts	failed	2	32760	HP-BULK-003: Bulk change status to pending	acceptance/phase2/bulk-actions.spec.ts > Bulk Actions Feature - Complete Acceptance Tests
webkit	acceptance/phase2/bulk-actions.spec.ts	failed	2	33029	HP-BULK-004: Bulk change status to resolved	acceptance/phase2/bulk-actions.spec.ts > Bulk Actions Feature - Complete Acceptance Tests
webkit	acceptance/phase2/bulk-actions.spec.ts	failed	2	32769	HP-BULK-005: Bulk change priority to high	acceptance/phase2/bulk-actions.spec.ts > Bulk Actions Feature - Complete Acceptance Tests
webkit	acceptance/phase2/bulk-actions.spec.ts	failed	2	33030	EDGE-BULK-006: Bulk action with exactly 100 conversations succeeds	acceptance/phase2/bulk-actions.spec.ts > Bulk Actions Feature - Complete Acceptance Tests
webkit	acceptance/phase2/bulk-actions.spec.ts	failed	2	32830	EDGE-BULK-007: Bulk action with 101+ returns validation error	acceptance/phase2/bulk-actions.spec.ts > Bulk Actions Feature - Complete Acceptance Tests
webkit	acceptance/phase2/bulk-actions.spec.ts	failed	2	32711	EDGE-BULK-008: Best-effort partial failure with invalid IDs	acceptance/phase2/bulk-actions.spec.ts > Bulk Actions Feature - Complete Acceptance Tests
webkit	acceptance/phase2/bulk-actions.spec.ts	failed	2	32850	EDGE-BULK-009: Failures array returned with reason	acceptance/phase2/bulk-actions.spec.ts > Bulk Actions Feature - Complete Acceptance Tests
webkit	acceptance/phase2/bulk-actions.spec.ts	failed	2	33115	RBAC-BULK-010: User cannot perform bulk actions	acceptance/phase2/bulk-actions.spec.ts > Bulk Actions Feature - Complete Acceptance Tests
webkit	acceptance/phase2/bulk-actions.spec.ts	failed	2	33238	RBAC-BULK-011: Manager can perform bulk actions	acceptance/phase2/bulk-actions.spec.ts > Bulk Actions Feature - Complete Acceptance Tests
webkit	acceptance/phase2/bulk-actions.spec.ts	failed	2	33878	AUD-BULK-012: Bulk action creates audit entries	acceptance/phase2/bulk-actions.spec.ts > Bulk Actions Feature - Complete Acceptance Tests
webkit	acceptance/phase2/bulk-actions.spec.ts	failed	2	33677	AUD-BULK-013: Each successful action logged separately	acceptance/phase2/bulk-actions.spec.ts > Bulk Actions Feature - Complete Acceptance Tests
webkit	acceptance/phase2/bulk-actions.spec.ts	failed	2	33849	EDGE-BULK-014: Empty selection shows validation error	acceptance/phase2/bulk-actions.spec.ts > Bulk Actions Feature - Complete Acceptance Tests
chromium	acceptance/phase2/notes-mentions.spec.ts	failed	2	31150	HP-NOTE-001: Create note appears in conversation	acceptance/phase2/notes-mentions.spec.ts > Notes & @Mentions Feature - Complete Acceptance Tests
chromium	acceptance/phase2/notes-mentions.spec.ts	failed	2	31152	HP-NOTE-002: Note persists across page reload	acceptance/phase2/notes-mentions.spec.ts > Notes & @Mentions Feature - Complete Acceptance Tests
chromium	acceptance/phase2/notes-mentions.spec.ts	failed	2	31157	HP-NOTE-003: @mention user creates notification	acceptance/phase2/notes-mentions.spec.ts > Notes & @Mentions Feature - Complete Acceptance Tests
chromium	acceptance/phase2/notes-mentions.spec.ts	failed	2	31134	HP-NOTE-004: Multiple @mentions create notifications for all users	acceptance/phase2/notes-mentions.spec.ts > Notes & @Mentions Feature - Complete Acceptance Tests
chromium	acceptance/phase2/notes-mentions.spec.ts	failed	2	31197	HP-NOTE-005: Click mention notification navigates to conversation	acceptance/phase2/notes-mentions.spec.ts > Notes & @Mentions Feature - Complete Acceptance Tests
chromium	acceptance/phase2/notes-mentions.spec.ts	failed	2	31138	EDGE-NOTE-006: @mention unknown username - no notification created	acceptance/phase2/notes-mentions.spec.ts > Notes & @Mentions Feature - Complete Acceptance Tests
chromium	acceptance/phase2/notes-mentions.spec.ts	failed	2	31147	EDGE-NOTE-007: Empty note body validation	acceptance/phase2/notes-mentions.spec.ts > Notes & @Mentions Feature - Complete Acceptance Tests
chromium	acceptance/phase2/notes-mentions.spec.ts	failed	2	31136	EDGE-NOTE-008: Very long note accepted	acceptance/phase2/notes-mentions.spec.ts > Notes & @Mentions Feature - Complete Acceptance Tests
chromium	acceptance/phase2/notes-mentions.spec.ts	failed	2	31163	EDGE-NOTE-009: Note with special characters preserved	acceptance/phase2/notes-mentions.spec.ts > Notes & @Mentions Feature - Complete Acceptance Tests
chromium	acceptance/phase2/notes-mentions.spec.ts	failed	2	31142	RBAC-NOTE-010: User cannot create note in unassigned conversation	acceptance/phase2/notes-mentions.spec.ts > Notes & @Mentions Feature - Complete Acceptance Tests
chromium	acceptance/phase2/notes-mentions.spec.ts	failed	2	31157	RBAC-NOTE-011: User can create note in assigned conversation	acceptance/phase2/notes-mentions.spec.ts > Notes & @Mentions Feature - Complete Acceptance Tests
chromium	acceptance/phase2/notes-mentions.spec.ts	failed	2	31138	AUD-NOTE-012: Note creation logged in audit trail	acceptance/phase2/notes-mentions.spec.ts > Notes & @Mentions Feature - Complete Acceptance Tests
chromium	acceptance/phase2/notes-mentions.spec.ts	failed	2	31153	AUD-NOTE-013: @mention recorded in audit trail	acceptance/phase2/notes-mentions.spec.ts > Notes & @Mentions Feature - Complete Acceptance Tests
chromium	acceptance/phase2/notes-mentions.spec.ts	failed	2	31142	AUD-NOTE-014: Note deletion logged	acceptance/phase2/notes-mentions.spec.ts > Notes & @Mentions Feature - Complete Acceptance Tests
firefox	acceptance/phase2/notes-mentions.spec.ts	failed	2	34239	HP-NOTE-001: Create note appears in conversation	acceptance/phase2/notes-mentions.spec.ts > Notes & @Mentions Feature - Complete Acceptance Tests
firefox	acceptance/phase2/notes-mentions.spec.ts	failed	2	34359	HP-NOTE-002: Note persists across page reload	acceptance/phase2/notes-mentions.spec.ts > Notes & @Mentions Feature - Complete Acceptance Tests
firefox	acceptance/phase2/notes-mentions.spec.ts	failed	2	34358	HP-NOTE-003: @mention user creates notification	acceptance/phase2/notes-mentions.spec.ts > Notes & @Mentions Feature - Complete Acceptance Tests
firefox	acceptance/phase2/notes-mentions.spec.ts	failed	2	34254	HP-NOTE-004: Multiple @mentions create notifications for all users	acceptance/phase2/notes-mentions.spec.ts > Notes & @Mentions Feature - Complete Acceptance Tests
firefox	acceptance/phase2/notes-mentions.spec.ts	failed	2	34399	HP-NOTE-005: Click mention notification navigates to conversation	acceptance/phase2/notes-mentions.spec.ts > Notes & @Mentions Feature - Complete Acceptance Tests
firefox	acceptance/phase2/notes-mentions.spec.ts	failed	2	34310	EDGE-NOTE-006: @mention unknown username - no notification created	acceptance/phase2/notes-mentions.spec.ts > Notes & @Mentions Feature - Complete Acceptance Tests
firefox	acceptance/phase2/notes-mentions.spec.ts	failed	2	34326	EDGE-NOTE-007: Empty note body validation	acceptance/phase2/notes-mentions.spec.ts > Notes & @Mentions Feature - Complete Acceptance Tests
firefox	acceptance/phase2/notes-mentions.spec.ts	failed	2	34370	EDGE-NOTE-008: Very long note accepted	acceptance/phase2/notes-mentions.spec.ts > Notes & @Mentions Feature - Complete Acceptance Tests
firefox	acceptance/phase2/notes-mentions.spec.ts	failed	2	34273	EDGE-NOTE-009: Note with special characters preserved	acceptance/phase2/notes-mentions.spec.ts > Notes & @Mentions Feature - Complete Acceptance Tests
firefox	acceptance/phase2/notes-mentions.spec.ts	failed	2	34414	RBAC-NOTE-010: User cannot create note in unassigned conversation	acceptance/phase2/notes-mentions.spec.ts > Notes & @Mentions Feature - Complete Acceptance Tests
firefox	acceptance/phase2/notes-mentions.spec.ts	failed	2	34336	RBAC-NOTE-011: User can create note in assigned conversation	acceptance/phase2/notes-mentions.spec.ts > Notes & @Mentions Feature - Complete Acceptance Tests
firefox	acceptance/phase2/notes-mentions.spec.ts	failed	2	34289	AUD-NOTE-012: Note creation logged in audit trail	acceptance/phase2/notes-mentions.spec.ts > Notes & @Mentions Feature - Complete Acceptance Tests
firefox	acceptance/phase2/notes-mentions.spec.ts	failed	2	34328	AUD-NOTE-013: @mention recorded in audit trail	acceptance/phase2/notes-mentions.spec.ts > Notes & @Mentions Feature - Complete Acceptance Tests
firefox	acceptance/phase2/notes-mentions.spec.ts	failed	2	34234	AUD-NOTE-014: Note deletion logged	acceptance/phase2/notes-mentions.spec.ts > Notes & @Mentions Feature - Complete Acceptance Tests
webkit	acceptance/phase2/notes-mentions.spec.ts	failed	2	33095	HP-NOTE-001: Create note appears in conversation	acceptance/phase2/notes-mentions.spec.ts > Notes & @Mentions Feature - Complete Acceptance Tests
webkit	acceptance/phase2/notes-mentions.spec.ts	failed	2	32895	HP-NOTE-002: Note persists across page reload	acceptance/phase2/notes-mentions.spec.ts > Notes & @Mentions Feature - Complete Acceptance Tests
webkit	acceptance/phase2/notes-mentions.spec.ts	failed	2	32799	HP-NOTE-003: @mention user creates notification	acceptance/phase2/notes-mentions.spec.ts > Notes & @Mentions Feature - Complete Acceptance Tests
webkit	acceptance/phase2/notes-mentions.spec.ts	failed	2	32742	HP-NOTE-004: Multiple @mentions create notifications for all users	acceptance/phase2/notes-mentions.spec.ts > Notes & @Mentions Feature - Complete Acceptance Tests
webkit	acceptance/phase2/notes-mentions.spec.ts	failed	2	32880	HP-NOTE-005: Click mention notification navigates to conversation	acceptance/phase2/notes-mentions.spec.ts > Notes & @Mentions Feature - Complete Acceptance Tests
webkit	acceptance/phase2/notes-mentions.spec.ts	failed	2	32771	EDGE-NOTE-006: @mention unknown username - no notification created	acceptance/phase2/notes-mentions.spec.ts > Notes & @Mentions Feature - Complete Acceptance Tests
webkit	acceptance/phase2/notes-mentions.spec.ts	failed	2	32880	EDGE-NOTE-007: Empty note body validation	acceptance/phase2/notes-mentions.spec.ts > Notes & @Mentions Feature - Complete Acceptance Tests
webkit	acceptance/phase2/notes-mentions.spec.ts	failed	2	32892	EDGE-NOTE-008: Very long note accepted	acceptance/phase2/notes-mentions.spec.ts > Notes & @Mentions Feature - Complete Acceptance Tests
webkit	acceptance/phase2/notes-mentions.spec.ts	failed	2	33013	EDGE-NOTE-009: Note with special characters preserved	acceptance/phase2/notes-mentions.spec.ts > Notes & @Mentions Feature - Complete Acceptance Tests
webkit	acceptance/phase2/notes-mentions.spec.ts	failed	2	32794	RBAC-NOTE-010: User cannot create note in unassigned conversation	acceptance/phase2/notes-mentions.spec.ts > Notes & @Mentions Feature - Complete Acceptance Tests
webkit	acceptance/phase2/notes-mentions.spec.ts	failed	2	32884	RBAC-NOTE-011: User can create note in assigned conversation	acceptance/phase2/notes-mentions.spec.ts > Notes & @Mentions Feature - Complete Acceptance Tests
webkit	acceptance/phase2/notes-mentions.spec.ts	failed	2	32836	AUD-NOTE-012: Note creation logged in audit trail	acceptance/phase2/notes-mentions.spec.ts > Notes & @Mentions Feature - Complete Acceptance Tests
webkit	acceptance/phase2/notes-mentions.spec.ts	failed	2	32837	AUD-NOTE-013: @mention recorded in audit trail	acceptance/phase2/notes-mentions.spec.ts > Notes & @Mentions Feature - Complete Acceptance Tests
webkit	acceptance/phase2/notes-mentions.spec.ts	failed	2	32747	AUD-NOTE-014: Note deletion logged	acceptance/phase2/notes-mentions.spec.ts > Notes & @Mentions Feature - Complete Acceptance Tests
chromium	acceptance/phase2/notifications.spec.ts	failed	2	31160	HP-NOTIF-001: List all notifications	acceptance/phase2/notifications.spec.ts > Notifications Feature - Complete Acceptance Tests
chromium	acceptance/phase2/notifications.spec.ts	failed	2	31136	HP-NOTIF-002: Filter unread notifications	acceptance/phase2/notifications.spec.ts > Notifications Feature - Complete Acceptance Tests
chromium	acceptance/phase2/notifications.spec.ts	failed	2	31138	HP-NOTIF-003: Filter by type - assignment	acceptance/phase2/notifications.spec.ts > Notifications Feature - Complete Acceptance Tests
chromium	acceptance/phase2/notifications.spec.ts	failed	2	31133	HP-NOTIF-004: Mark single notification as read	acceptance/phase2/notifications.spec.ts > Notifications Feature - Complete Acceptance Tests
chromium	acceptance/phase2/notifications.spec.ts	failed	2	31159	HP-NOTIF-005: Dismiss notification	acceptance/phase2/notifications.spec.ts > Notifications Feature - Complete Acceptance Tests
chromium	acceptance/phase2/notifications.spec.ts	failed	2	31165	HP-NOTIF-006: Mark all notifications read	acceptance/phase2/notifications.spec.ts > Notifications Feature - Complete Acceptance Tests
chromium	acceptance/phase2/notifications.spec.ts	failed	2	31121	EDGE-NOTIF-007: Pagination of notifications	acceptance/phase2/notifications.spec.ts > Notifications Feature - Complete Acceptance Tests
chromium	acceptance/phase2/notifications.spec.ts	failed	2	31121	EDGE-NOTIF-008: Empty notifications list	acceptance/phase2/notifications.spec.ts > Notifications Feature - Complete Acceptance Tests
chromium	acceptance/phase2/notifications.spec.ts	failed	2	31132	RBAC-NOTIF-009: Cannot read someone else's notification	acceptance/phase2/notifications.spec.ts > Notifications Feature - Complete Acceptance Tests
chromium	acceptance/phase2/notifications.spec.ts	failed	2	31117	RBAC-NOTIF-010: Cannot dismiss someone else's notification	acceptance/phase2/notifications.spec.ts > Notifications Feature - Complete Acceptance Tests
chromium	acceptance/phase2/notifications.spec.ts	failed	2	31127	EDGE-NOTIF-011: Badge count reflects unread count	acceptance/phase2/notifications.spec.ts > Notifications Feature - Complete Acceptance Tests
chromium	acceptance/phase2/notifications.spec.ts	failed	2	31108	EDGE-NOTIF-012: Notification persists across page reload	acceptance/phase2/notifications.spec.ts > Notifications Feature - Complete Acceptance Tests
firefox	acceptance/phase2/notifications.spec.ts	failed	2	34317	HP-NOTIF-001: List all notifications	acceptance/phase2/notifications.spec.ts > Notifications Feature - Complete Acceptance Tests
firefox	acceptance/phase2/notifications.spec.ts	failed	2	34358	HP-NOTIF-002: Filter unread notifications	acceptance/phase2/notifications.spec.ts > Notifications Feature - Complete Acceptance Tests
firefox	acceptance/phase2/notifications.spec.ts	failed	2	34335	HP-NOTIF-003: Filter by type - assignment	acceptance/phase2/notifications.spec.ts > Notifications Feature - Complete Acceptance Tests
firefox	acceptance/phase2/notifications.spec.ts	failed	2	34343	HP-NOTIF-004: Mark single notification as read	acceptance/phase2/notifications.spec.ts > Notifications Feature - Complete Acceptance Tests
firefox	acceptance/phase2/notifications.spec.ts	failed	2	34276	HP-NOTIF-005: Dismiss notification	acceptance/phase2/notifications.spec.ts > Notifications Feature - Complete Acceptance Tests
firefox	acceptance/phase2/notifications.spec.ts	failed	2	34262	HP-NOTIF-006: Mark all notifications read	acceptance/phase2/notifications.spec.ts > Notifications Feature - Complete Acceptance Tests
firefox	acceptance/phase2/notifications.spec.ts	failed	2	34336	EDGE-NOTIF-007: Pagination of notifications	acceptance/phase2/notifications.spec.ts > Notifications Feature - Complete Acceptance Tests
firefox	acceptance/phase2/notifications.spec.ts	failed	2	34310	EDGE-NOTIF-008: Empty notifications list	acceptance/phase2/notifications.spec.ts > Notifications Feature - Complete Acceptance Tests
firefox	acceptance/phase2/notifications.spec.ts	failed	2	34235	RBAC-NOTIF-009: Cannot read someone else's notification	acceptance/phase2/notifications.spec.ts > Notifications Feature - Complete Acceptance Tests
firefox	acceptance/phase2/notifications.spec.ts	failed	2	34284	RBAC-NOTIF-010: Cannot dismiss someone else's notification	acceptance/phase2/notifications.spec.ts > Notifications Feature - Complete Acceptance Tests
firefox	acceptance/phase2/notifications.spec.ts	failed	2	34282	EDGE-NOTIF-011: Badge count reflects unread count	acceptance/phase2/notifications.spec.ts > Notifications Feature - Complete Acceptance Tests
firefox	acceptance/phase2/notifications.spec.ts	failed	2	34384	EDGE-NOTIF-012: Notification persists across page reload	acceptance/phase2/notifications.spec.ts > Notifications Feature - Complete Acceptance Tests
webkit	acceptance/phase2/notifications.spec.ts	failed	2	32832	HP-NOTIF-001: List all notifications	acceptance/phase2/notifications.spec.ts > Notifications Feature - Complete Acceptance Tests
webkit	acceptance/phase2/notifications.spec.ts	failed	2	32742	HP-NOTIF-002: Filter unread notifications	acceptance/phase2/notifications.spec.ts > Notifications Feature - Complete Acceptance Tests
webkit	acceptance/phase2/notifications.spec.ts	failed	2	32776	HP-NOTIF-003: Filter by type - assignment	acceptance/phase2/notifications.spec.ts > Notifications Feature - Complete Acceptance Tests
webkit	acceptance/phase2/notifications.spec.ts	failed	2	32805	HP-NOTIF-004: Mark single notification as read	acceptance/phase2/notifications.spec.ts > Notifications Feature - Complete Acceptance Tests
webkit	acceptance/phase2/notifications.spec.ts	failed	2	32870	HP-NOTIF-005: Dismiss notification	acceptance/phase2/notifications.spec.ts > Notifications Feature - Complete Acceptance Tests
webkit	acceptance/phase2/notifications.spec.ts	failed	2	32796	HP-NOTIF-006: Mark all notifications read	acceptance/phase2/notifications.spec.ts > Notifications Feature - Complete Acceptance Tests
webkit	acceptance/phase2/notifications.spec.ts	failed	2	32791	EDGE-NOTIF-007: Pagination of notifications	acceptance/phase2/notifications.spec.ts > Notifications Feature - Complete Acceptance Tests
webkit	acceptance/phase2/notifications.spec.ts	failed	2	32763	EDGE-NOTIF-008: Empty notifications list	acceptance/phase2/notifications.spec.ts > Notifications Feature - Complete Acceptance Tests
webkit	acceptance/phase2/notifications.spec.ts	failed	2	32859	RBAC-NOTIF-009: Cannot read someone else's notification	acceptance/phase2/notifications.spec.ts > Notifications Feature - Complete Acceptance Tests
webkit	acceptance/phase2/notifications.spec.ts	failed	2	33092	RBAC-NOTIF-010: Cannot dismiss someone else's notification	acceptance/phase2/notifications.spec.ts > Notifications Feature - Complete Acceptance Tests
webkit	acceptance/phase2/notifications.spec.ts	failed	2	33804	EDGE-NOTIF-011: Badge count reflects unread count	acceptance/phase2/notifications.spec.ts > Notifications Feature - Complete Acceptance Tests
webkit	acceptance/phase2/notifications.spec.ts	failed	2	33686	EDGE-NOTIF-012: Notification persists across page reload	acceptance/phase2/notifications.spec.ts > Notifications Feature - Complete Acceptance Tests
chromium	acceptance/phase2/phase2-master.spec.ts	failed	2	31178	HP-T001: Create tag with unique name	acceptance/phase2/phase2-master.spec.ts > Phase 2: Tags Feature
chromium	acceptance/phase2/phase2-master.spec.ts	failed	2	31134	HP-T002: Create tag - duplicate name validation	acceptance/phase2/phase2-master.spec.ts > Phase 2: Tags Feature
chromium	acceptance/phase2/phase2-master.spec.ts	failed	2	31109	EDGE-T003: Apply tag - idempotent	acceptance/phase2/phase2-master.spec.ts > Phase 2: Tags Feature
chromium	acceptance/phase2/phase2-master.spec.ts	failed	2	31168	EDGE-T004: Remove tag - graceful 200 if not present	acceptance/phase2/phase2-master.spec.ts > Phase 2: Tags Feature
chromium	acceptance/phase2/phase2-master.spec.ts	failed	2	31180	RBAC-T005: User cannot apply tag - 403	acceptance/phase2/phase2-master.spec.ts > Phase 2: Tags Feature
chromium	acceptance/phase2/phase2-master.spec.ts	failed	2	31152	AUD-T006: Tag operations logged in audit trail	acceptance/phase2/phase2-master.spec.ts > Phase 2: Tags Feature
firefox	acceptance/phase2/phase2-master.spec.ts	failed	2	34335	HP-T001: Create tag with unique name	acceptance/phase2/phase2-master.spec.ts > Phase 2: Tags Feature
firefox	acceptance/phase2/phase2-master.spec.ts	failed	2	34446	HP-T002: Create tag - duplicate name validation	acceptance/phase2/phase2-master.spec.ts > Phase 2: Tags Feature
firefox	acceptance/phase2/phase2-master.spec.ts	failed	2	34370	EDGE-T003: Apply tag - idempotent	acceptance/phase2/phase2-master.spec.ts > Phase 2: Tags Feature
firefox	acceptance/phase2/phase2-master.spec.ts	failed	2	34346	EDGE-T004: Remove tag - graceful 200 if not present	acceptance/phase2/phase2-master.spec.ts > Phase 2: Tags Feature
firefox	acceptance/phase2/phase2-master.spec.ts	failed	2	34357	RBAC-T005: User cannot apply tag - 403	acceptance/phase2/phase2-master.spec.ts > Phase 2: Tags Feature
firefox	acceptance/phase2/phase2-master.spec.ts	failed	2	34247	AUD-T006: Tag operations logged in audit trail	acceptance/phase2/phase2-master.spec.ts > Phase 2: Tags Feature
webkit	acceptance/phase2/phase2-master.spec.ts	failed	2	33595	HP-T001: Create tag with unique name	acceptance/phase2/phase2-master.spec.ts > Phase 2: Tags Feature
webkit	acceptance/phase2/phase2-master.spec.ts	failed	2	33878	HP-T002: Create tag - duplicate name validation	acceptance/phase2/phase2-master.spec.ts > Phase 2: Tags Feature
webkit	acceptance/phase2/phase2-master.spec.ts	failed	2	32885	EDGE-T003: Apply tag - idempotent	acceptance/phase2/phase2-master.spec.ts > Phase 2: Tags Feature
webkit	acceptance/phase2/phase2-master.spec.ts	failed	2	32851	EDGE-T004: Remove tag - graceful 200 if not present	acceptance/phase2/phase2-master.spec.ts > Phase 2: Tags Feature
webkit	acceptance/phase2/phase2-master.spec.ts	failed	2	33097	RBAC-T005: User cannot apply tag - 403	acceptance/phase2/phase2-master.spec.ts > Phase 2: Tags Feature
webkit	acceptance/phase2/phase2-master.spec.ts	failed	2	32992	AUD-T006: Tag operations logged in audit trail	acceptance/phase2/phase2-master.spec.ts > Phase 2: Tags Feature
chromium	acceptance/phase2/phase2-master.spec.ts	failed	2	31117	HP-N001: Create note - appears in timeline	acceptance/phase2/phase2-master.spec.ts > Phase 2: Notes & @Mentions
chromium	acceptance/phase2/phase2-master.spec.ts	failed	2	31185	HP-N002: @mention user - creates notification	acceptance/phase2/phase2-master.spec.ts > Phase 2: Notes & @Mentions
chromium	acceptance/phase2/phase2-master.spec.ts	failed	2	31141	EDGE-N003: @mention unknown username - validation error	acceptance/phase2/phase2-master.spec.ts > Phase 2: Notes & @Mentions
chromium	acceptance/phase2/phase2-master.spec.ts	failed	2	31126	RBAC-N004: Edit note - owner can edit	acceptance/phase2/phase2-master.spec.ts > Phase 2: Notes & @Mentions
chromium	acceptance/phase2/phase2-master.spec.ts	failed	2	31144	RBAC-N005: Edit note - non-owner 403	acceptance/phase2/phase2-master.spec.ts > Phase 2: Notes & @Mentions
firefox	acceptance/phase2/phase2-master.spec.ts	failed	2	34463	HP-N001: Create note - appears in timeline	acceptance/phase2/phase2-master.spec.ts > Phase 2: Notes & @Mentions
firefox	acceptance/phase2/phase2-master.spec.ts	failed	2	34806	HP-N002: @mention user - creates notification	acceptance/phase2/phase2-master.spec.ts > Phase 2: Notes & @Mentions
firefox	acceptance/phase2/phase2-master.spec.ts	failed	2	34588	EDGE-N003: @mention unknown username - validation error	acceptance/phase2/phase2-master.spec.ts > Phase 2: Notes & @Mentions
firefox	acceptance/phase2/phase2-master.spec.ts	failed	2	35034	RBAC-N004: Edit note - owner can edit	acceptance/phase2/phase2-master.spec.ts > Phase 2: Notes & @Mentions
firefox	acceptance/phase2/phase2-master.spec.ts	failed	2	37196	RBAC-N005: Edit note - non-owner 403	acceptance/phase2/phase2-master.spec.ts > Phase 2: Notes & @Mentions
webkit	acceptance/phase2/phase2-master.spec.ts	failed	2	32881	HP-N001: Create note - appears in timeline	acceptance/phase2/phase2-master.spec.ts > Phase 2: Notes & @Mentions
webkit	acceptance/phase2/phase2-master.spec.ts	failed	2	33071	HP-N002: @mention user - creates notification	acceptance/phase2/phase2-master.spec.ts > Phase 2: Notes & @Mentions
webkit	acceptance/phase2/phase2-master.spec.ts	failed	2	33002	EDGE-N003: @mention unknown username - validation error	acceptance/phase2/phase2-master.spec.ts > Phase 2: Notes & @Mentions
webkit	acceptance/phase2/phase2-master.spec.ts	failed	2	33027	RBAC-N004: Edit note - owner can edit	acceptance/phase2/phase2-master.spec.ts > Phase 2: Notes & @Mentions
webkit	acceptance/phase2/phase2-master.spec.ts	failed	2	32866	RBAC-N005: Edit note - non-owner 403	acceptance/phase2/phase2-master.spec.ts > Phase 2: Notes & @Mentions
chromium	acceptance/phase2/phase2-master.spec.ts	failed	2	31136	HP-A001: Assign conversation to manager	acceptance/phase2/phase2-master.spec.ts > Phase 2: Assignments
chromium	acceptance/phase2/phase2-master.spec.ts	failed	2	31126	HP-A002: Reassign - override old assignee	acceptance/phase2/phase2-master.spec.ts > Phase 2: Assignments
chromium	acceptance/phase2/phase2-master.spec.ts	failed	2	31123	HP-A003: Assignee sees "assigned to me" filter	acceptance/phase2/phase2-master.spec.ts > Phase 2: Assignments
chromium	acceptance/phase2/phase2-master.spec.ts	failed	2	31168	HP-A004: Assignment sends notification to assignee	acceptance/phase2/phase2-master.spec.ts > Phase 2: Assignments
chromium	acceptance/phase2/phase2-master.spec.ts	failed	2	31178	RBAC-A005: User cannot assign - 403	acceptance/phase2/phase2-master.spec.ts > Phase 2: Assignments
chromium	acceptance/phase2/phase2-master.spec.ts	failed	2	31165	AUD-A006: Assignment logged in audit trail	acceptance/phase2/phase2-master.spec.ts > Phase 2: Assignments
firefox	acceptance/phase2/phase2-master.spec.ts	failed	2	38554	HP-A001: Assign conversation to manager	acceptance/phase2/phase2-master.spec.ts > Phase 2: Assignments
firefox	acceptance/phase2/phase2-master.spec.ts	failed	2	35901	HP-A002: Reassign - override old assignee	acceptance/phase2/phase2-master.spec.ts > Phase 2: Assignments
firefox	acceptance/phase2/phase2-master.spec.ts	failed	2	37613	HP-A003: Assignee sees "assigned to me" filter	acceptance/phase2/phase2-master.spec.ts > Phase 2: Assignments
firefox	acceptance/phase2/phase2-master.spec.ts	failed	2	34845	HP-A004: Assignment sends notification to assignee	acceptance/phase2/phase2-master.spec.ts > Phase 2: Assignments
firefox	acceptance/phase2/phase2-master.spec.ts	failed	2	35034	RBAC-A005: User cannot assign - 403	acceptance/phase2/phase2-master.spec.ts > Phase 2: Assignments
firefox	acceptance/phase2/phase2-master.spec.ts	failed	2	39606	AUD-A006: Assignment logged in audit trail	acceptance/phase2/phase2-master.spec.ts > Phase 2: Assignments
webkit	acceptance/phase2/phase2-master.spec.ts	failed	2	32847	HP-A001: Assign conversation to manager	acceptance/phase2/phase2-master.spec.ts > Phase 2: Assignments
webkit	acceptance/phase2/phase2-master.spec.ts	failed	2	32974	HP-A002: Reassign - override old assignee	acceptance/phase2/phase2-master.spec.ts > Phase 2: Assignments
webkit	acceptance/phase2/phase2-master.spec.ts	failed	2	33160	HP-A003: Assignee sees "assigned to me" filter	acceptance/phase2/phase2-master.spec.ts > Phase 2: Assignments
webkit	acceptance/phase2/phase2-master.spec.ts	failed	2	33278	HP-A004: Assignment sends notification to assignee	acceptance/phase2/phase2-master.spec.ts > Phase 2: Assignments
webkit	acceptance/phase2/phase2-master.spec.ts	failed	2	33641	RBAC-A005: User cannot assign - 403	acceptance/phase2/phase2-master.spec.ts > Phase 2: Assignments
webkit	acceptance/phase2/phase2-master.spec.ts	failed	2	33675	AUD-A006: Assignment logged in audit trail	acceptance/phase2/phase2-master.spec.ts > Phase 2: Assignments
chromium	acceptance/phase2/phase2-master.spec.ts	failed	2	31153	HP-R001: Create active routing rule	acceptance/phase2/phase2-master.spec.ts > Phase 2: Routing Rules
chromium	acceptance/phase2/phase2-master.spec.ts	failed	2	31140	HP-R002: Create disabled routing rule	acceptance/phase2/phase2-master.spec.ts > Phase 2: Routing Rules
chromium	acceptance/phase2/phase2-master.spec.ts	failed	2	31163	EDGE-R003: Disabled rule does not execute	acceptance/phase2/phase2-master.spec.ts > Phase 2: Routing Rules
chromium	acceptance/phase2/phase2-master.spec.ts	failed	2	31156	RBAC-R004: Admin cannot manage rules - 403	acceptance/phase2/phase2-master.spec.ts > Phase 2: Routing Rules
chromium	acceptance/phase2/phase2-master.spec.ts	failed	2	31163	RBAC-R005: Manager cannot access rules - 403	acceptance/phase2/phase2-master.spec.ts > Phase 2: Routing Rules
chromium	acceptance/phase2/phase2-master.spec.ts	failed	2	31396	AUD-R006: Rule creation logged in audit trail	acceptance/phase2/phase2-master.spec.ts > Phase 2: Routing Rules
firefox	acceptance/phase2/phase2-master.spec.ts	failed	2	38459	HP-R001: Create active routing rule	acceptance/phase2/phase2-master.spec.ts > Phase 2: Routing Rules
firefox	acceptance/phase2/phase2-master.spec.ts	failed	2	34656	HP-R002: Create disabled routing rule	acceptance/phase2/phase2-master.spec.ts > Phase 2: Routing Rules
firefox	acceptance/phase2/phase2-master.spec.ts	failed	2	34611	EDGE-R003: Disabled rule does not execute	acceptance/phase2/phase2-master.spec.ts > Phase 2: Routing Rules
firefox	acceptance/phase2/phase2-master.spec.ts	failed	2	34310	RBAC-R004: Admin cannot manage rules - 403	acceptance/phase2/phase2-master.spec.ts > Phase 2: Routing Rules
firefox	acceptance/phase2/phase2-master.spec.ts	failed	2	34724	RBAC-R005: Manager cannot access rules - 403	acceptance/phase2/phase2-master.spec.ts > Phase 2: Routing Rules
firefox	acceptance/phase2/phase2-master.spec.ts	failed	2	34937	AUD-R006: Rule creation logged in audit trail	acceptance/phase2/phase2-master.spec.ts > Phase 2: Routing Rules
webkit	acceptance/phase2/phase2-master.spec.ts	failed	2	33121	HP-R001: Create active routing rule	acceptance/phase2/phase2-master.spec.ts > Phase 2: Routing Rules
webkit	acceptance/phase2/phase2-master.spec.ts	failed	2	33518	HP-R002: Create disabled routing rule	acceptance/phase2/phase2-master.spec.ts > Phase 2: Routing Rules
webkit	acceptance/phase2/phase2-master.spec.ts	failed	2	33570	EDGE-R003: Disabled rule does not execute	acceptance/phase2/phase2-master.spec.ts > Phase 2: Routing Rules
webkit	acceptance/phase2/phase2-master.spec.ts	failed	2	34480	RBAC-R004: Admin cannot manage rules - 403	acceptance/phase2/phase2-master.spec.ts > Phase 2: Routing Rules
webkit	acceptance/phase2/phase2-master.spec.ts	failed	2	33517	RBAC-R005: Manager cannot access rules - 403	acceptance/phase2/phase2-master.spec.ts > Phase 2: Routing Rules
webkit	acceptance/phase2/phase2-master.spec.ts	failed	2	33540	AUD-R006: Rule creation logged in audit trail	acceptance/phase2/phase2-master.spec.ts > Phase 2: Routing Rules
chromium	acceptance/phase2/phase2-master.spec.ts	failed	2	31789	HP-N-1: List notifications	acceptance/phase2/phase2-master.spec.ts > Phase 2: Notifications
chromium	acceptance/phase2/phase2-master.spec.ts	failed	2	31658	HP-N-2: Mark notification as read	acceptance/phase2/phase2-master.spec.ts > Phase 2: Notifications
chromium	acceptance/phase2/phase2-master.spec.ts	failed	2	31884	RBAC-N-3: Cannot read someone else's notification	acceptance/phase2/phase2-master.spec.ts > Phase 2: Notifications
firefox	acceptance/phase2/phase2-master.spec.ts	failed	2	34251	HP-N-1: List notifications	acceptance/phase2/phase2-master.spec.ts > Phase 2: Notifications
firefox	acceptance/phase2/phase2-master.spec.ts	failed	2	34081	HP-N-2: Mark notification as read	acceptance/phase2/phase2-master.spec.ts > Phase 2: Notifications
firefox	acceptance/phase2/phase2-master.spec.ts	failed	2	34407	RBAC-N-3: Cannot read someone else's notification	acceptance/phase2/phase2-master.spec.ts > Phase 2: Notifications
webkit	acceptance/phase2/phase2-master.spec.ts	failed	2	33219	HP-N-1: List notifications	acceptance/phase2/phase2-master.spec.ts > Phase 2: Notifications
webkit	acceptance/phase2/phase2-master.spec.ts	failed	2	33849	HP-N-2: Mark notification as read	acceptance/phase2/phase2-master.spec.ts > Phase 2: Notifications
webkit	acceptance/phase2/phase2-master.spec.ts	failed	2	33426	RBAC-N-3: Cannot read someone else's notification	acceptance/phase2/phase2-master.spec.ts > Phase 2: Notifications
chromium	acceptance/phase2/phase2-master.spec.ts	failed	2	31247	HP-B001: Bulk assign up to 100 conversations	acceptance/phase2/phase2-master.spec.ts > Phase 2: Bulk Actions
chromium	acceptance/phase2/phase2-master.spec.ts	failed	2	31571	EDGE-B002: Bulk action with max 100 - exactly 100 succeeds	acceptance/phase2/phase2-master.spec.ts > Phase 2: Bulk Actions
chromium	acceptance/phase2/phase2-master.spec.ts	failed	2	31166	EDGE-B003: Bulk action with 101+ - validation error	acceptance/phase2/phase2-master.spec.ts > Phase 2: Bulk Actions
chromium	acceptance/phase2/phase2-master.spec.ts	failed	2	31552	EDGE-B004: Bulk action - best-effort partial failure	acceptance/phase2/phase2-master.spec.ts > Phase 2: Bulk Actions
chromium	acceptance/phase2/phase2-master.spec.ts	failed	2	31135	RBAC-B005: User cannot bulk action - 403	acceptance/phase2/phase2-master.spec.ts > Phase 2: Bulk Actions
firefox	acceptance/phase2/phase2-master.spec.ts	failed	2	34772	HP-B001: Bulk assign up to 100 conversations	acceptance/phase2/phase2-master.spec.ts > Phase 2: Bulk Actions
firefox	acceptance/phase2/phase2-master.spec.ts	failed	2	34733	EDGE-B002: Bulk action with max 100 - exactly 100 succeeds	acceptance/phase2/phase2-master.spec.ts > Phase 2: Bulk Actions
firefox	acceptance/phase2/phase2-master.spec.ts	failed	2	34592	EDGE-B003: Bulk action with 101+ - validation error	acceptance/phase2/phase2-master.spec.ts > Phase 2: Bulk Actions
firefox	acceptance/phase2/phase2-master.spec.ts	failed	2	34290	EDGE-B004: Bulk action - best-effort partial failure	acceptance/phase2/phase2-master.spec.ts > Phase 2: Bulk Actions
firefox	acceptance/phase2/phase2-master.spec.ts	failed	2	34780	RBAC-B005: User cannot bulk action - 403	acceptance/phase2/phase2-master.spec.ts > Phase 2: Bulk Actions
webkit	acceptance/phase2/phase2-master.spec.ts	failed	2	33296	HP-B001: Bulk assign up to 100 conversations	acceptance/phase2/phase2-master.spec.ts > Phase 2: Bulk Actions
webkit	acceptance/phase2/phase2-master.spec.ts	failed	2	33279	EDGE-B002: Bulk action with max 100 - exactly 100 succeeds	acceptance/phase2/phase2-master.spec.ts > Phase 2: Bulk Actions
webkit	acceptance/phase2/phase2-master.spec.ts	failed	2	32811	EDGE-B003: Bulk action with 101+ - validation error	acceptance/phase2/phase2-master.spec.ts > Phase 2: Bulk Actions
webkit	acceptance/phase2/phase2-master.spec.ts	failed	2	33129	EDGE-B004: Bulk action - best-effort partial failure	acceptance/phase2/phase2-master.spec.ts > Phase 2: Bulk Actions
webkit	acceptance/phase2/phase2-master.spec.ts	failed	2	32927	RBAC-B005: User cannot bulk action - 403	acceptance/phase2/phase2-master.spec.ts > Phase 2: Bulk Actions
chromium	acceptance/phase2/phase2-master.spec.ts	failed	2	31280	HP-AL001: Query audit logs by action	acceptance/phase2/phase2-master.spec.ts > Phase 2: Audit Logs & Export
chromium	acceptance/phase2/phase2-master.spec.ts	failed	2	31093	HP-AL002: Query audit logs by date range	acceptance/phase2/phase2-master.spec.ts > Phase 2: Audit Logs & Export
chromium	acceptance/phase2/phase2-master.spec.ts	failed	2	31503	HP-AL003: Pagination works	acceptance/phase2/phase2-master.spec.ts > Phase 2: Audit Logs & Export
chromium	acceptance/phase2/phase2-master.spec.ts	failed	2	31130	HP-AL004: Export CSV file	acceptance/phase2/phase2-master.spec.ts > Phase 2: Audit Logs & Export
chromium	acceptance/phase2/phase2-master.spec.ts	failed	2	31221	RBAC-AL005: Manager cannot export audit logs - 403	acceptance/phase2/phase2-master.spec.ts > Phase 2: Audit Logs & Export
chromium	acceptance/phase2/phase2-master.spec.ts	failed	2	31145	RBAC-AL006: User cannot view audit logs - 403	acceptance/phase2/phase2-master.spec.ts > Phase 2: Audit Logs & Export
firefox	acceptance/phase2/phase2-master.spec.ts	failed	2	34779	HP-AL001: Query audit logs by action	acceptance/phase2/phase2-master.spec.ts > Phase 2: Audit Logs & Export
firefox	acceptance/phase2/phase2-master.spec.ts	failed	2	34686	HP-AL002: Query audit logs by date range	acceptance/phase2/phase2-master.spec.ts > Phase 2: Audit Logs & Export
firefox	acceptance/phase2/phase2-master.spec.ts	failed	2	34714	HP-AL003: Pagination works	acceptance/phase2/phase2-master.spec.ts > Phase 2: Audit Logs & Export
firefox	acceptance/phase2/phase2-master.spec.ts	failed	2	34347	HP-AL004: Export CSV file	acceptance/phase2/phase2-master.spec.ts > Phase 2: Audit Logs & Export
firefox	acceptance/phase2/phase2-master.spec.ts	failed	2	34486	RBAC-AL005: Manager cannot export audit logs - 403	acceptance/phase2/phase2-master.spec.ts > Phase 2: Audit Logs & Export
firefox	acceptance/phase2/phase2-master.spec.ts	failed	2	34478	RBAC-AL006: User cannot view audit logs - 403	acceptance/phase2/phase2-master.spec.ts > Phase 2: Audit Logs & Export
webkit	acceptance/phase2/phase2-master.spec.ts	failed	2	32985	HP-AL001: Query audit logs by action	acceptance/phase2/phase2-master.spec.ts > Phase 2: Audit Logs & Export
webkit	acceptance/phase2/phase2-master.spec.ts	failed	2	32843	HP-AL002: Query audit logs by date range	acceptance/phase2/phase2-master.spec.ts > Phase 2: Audit Logs & Export
webkit	acceptance/phase2/phase2-master.spec.ts	failed	2	32774	HP-AL003: Pagination works	acceptance/phase2/phase2-master.spec.ts > Phase 2: Audit Logs & Export
webkit	acceptance/phase2/phase2-master.spec.ts	failed	2	32853	HP-AL004: Export CSV file	acceptance/phase2/phase2-master.spec.ts > Phase 2: Audit Logs & Export
webkit	acceptance/phase2/phase2-master.spec.ts	failed	2	32836	RBAC-AL005: Manager cannot export audit logs - 403	acceptance/phase2/phase2-master.spec.ts > Phase 2: Audit Logs & Export
webkit	acceptance/phase2/phase2-master.spec.ts	failed	2	32899	RBAC-AL006: User cannot view audit logs - 403	acceptance/phase2/phase2-master.spec.ts > Phase 2: Audit Logs & Export
chromium	acceptance/phase2/routing-rules.spec.ts	failed	2	31414	HP-RULE-001: Create active routing rule	acceptance/phase2/routing-rules.spec.ts > Routing Rules Feature - Complete Acceptance Tests
chromium	acceptance/phase2/routing-rules.spec.ts	failed	2	31124	HP-RULE-002: Create disabled routing rule	acceptance/phase2/routing-rules.spec.ts > Routing Rules Feature - Complete Acceptance Tests
chromium	acceptance/phase2/routing-rules.spec.ts	failed	2	31229	HP-RULE-003: List all routing rules	acceptance/phase2/routing-rules.spec.ts > Routing Rules Feature - Complete Acceptance Tests
chromium	acceptance/phase2/routing-rules.spec.ts	failed	2	31167	HP-RULE-004: Update rule priority	acceptance/phase2/routing-rules.spec.ts > Routing Rules Feature - Complete Acceptance Tests
chromium	acceptance/phase2/routing-rules.spec.ts	failed	2	31347	HP-RULE-005: Update rule status active to disabled	acceptance/phase2/routing-rules.spec.ts > Routing Rules Feature - Complete Acceptance Tests
chromium	acceptance/phase2/routing-rules.spec.ts	failed	2	31122	HP-RULE-006: Delete routing rule	acceptance/phase2/routing-rules.spec.ts > Routing Rules Feature - Complete Acceptance Tests
chromium	acceptance/phase2/routing-rules.spec.ts	failed	2	31174	EDGE-RULE-007: Disabled rule does not execute	acceptance/phase2/routing-rules.spec.ts > Routing Rules Feature - Complete Acceptance Tests
chromium	acceptance/phase2/routing-rules.spec.ts	failed	2	31189	EDGE-RULE-008: First match wins - higher priority executes	acceptance/phase2/routing-rules.spec.ts > Routing Rules Feature - Complete Acceptance Tests
chromium	acceptance/phase2/routing-rules.spec.ts	failed	2	31271	EDGE-RULE-009: Rule with no matching conditions	acceptance/phase2/routing-rules.spec.ts > Routing Rules Feature - Complete Acceptance Tests
chromium	acceptance/phase2/routing-rules.spec.ts	failed	2	31157	RBAC-RULE-010: Super admin can manage rules	acceptance/phase2/routing-rules.spec.ts > Routing Rules Feature - Complete Acceptance Tests
chromium	acceptance/phase2/routing-rules.spec.ts	failed	2	31267	RBAC-RULE-011: Admin cannot create rules	acceptance/phase2/routing-rules.spec.ts > Routing Rules Feature - Complete Acceptance Tests
chromium	acceptance/phase2/routing-rules.spec.ts	failed	2	31143	RBAC-RULE-012: Manager cannot access rules	acceptance/phase2/routing-rules.spec.ts > Routing Rules Feature - Complete Acceptance Tests
chromium	acceptance/phase2/routing-rules.spec.ts	failed	2	31252	AUD-RULE-013: Rule creation logged in audit trail	acceptance/phase2/routing-rules.spec.ts > Routing Rules Feature - Complete Acceptance Tests
chromium	acceptance/phase2/routing-rules.spec.ts	failed	2	31113	AUD-RULE-014: Rule update logged	acceptance/phase2/routing-rules.spec.ts > Routing Rules Feature - Complete Acceptance Tests
chromium	acceptance/phase2/routing-rules.spec.ts	failed	2	31289	AUD-RULE-015: Rule deletion logged	acceptance/phase2/routing-rules.spec.ts > Routing Rules Feature - Complete Acceptance Tests
chromium	acceptance/phase2/routing-rules.spec.ts	failed	2	31116	AUD-RULE-016: Rule execution logged	acceptance/phase2/routing-rules.spec.ts > Routing Rules Feature - Complete Acceptance Tests
firefox	acceptance/phase2/routing-rules.spec.ts	failed	2	34342	HP-RULE-001: Create active routing rule	acceptance/phase2/routing-rules.spec.ts > Routing Rules Feature - Complete Acceptance Tests
firefox	acceptance/phase2/routing-rules.spec.ts	failed	2	34626	HP-RULE-002: Create disabled routing rule	acceptance/phase2/routing-rules.spec.ts > Routing Rules Feature - Complete Acceptance Tests
firefox	acceptance/phase2/routing-rules.spec.ts	failed	2	34846	HP-RULE-003: List all routing rules	acceptance/phase2/routing-rules.spec.ts > Routing Rules Feature - Complete Acceptance Tests
firefox	acceptance/phase2/routing-rules.spec.ts	failed	2	34897	HP-RULE-004: Update rule priority	acceptance/phase2/routing-rules.spec.ts > Routing Rules Feature - Complete Acceptance Tests
firefox	acceptance/phase2/routing-rules.spec.ts	failed	2	35063	HP-RULE-005: Update rule status active to disabled	acceptance/phase2/routing-rules.spec.ts > Routing Rules Feature - Complete Acceptance Tests
firefox	acceptance/phase2/routing-rules.spec.ts	failed	2	35289	HP-RULE-006: Delete routing rule	acceptance/phase2/routing-rules.spec.ts > Routing Rules Feature - Complete Acceptance Tests
firefox	acceptance/phase2/routing-rules.spec.ts	failed	2	35560	EDGE-RULE-007: Disabled rule does not execute	acceptance/phase2/routing-rules.spec.ts > Routing Rules Feature - Complete Acceptance Tests
firefox	acceptance/phase2/routing-rules.spec.ts	failed	2	35054	EDGE-RULE-008: First match wins - higher priority executes	acceptance/phase2/routing-rules.spec.ts > Routing Rules Feature - Complete Acceptance Tests
firefox	acceptance/phase2/routing-rules.spec.ts	failed	2	34792	EDGE-RULE-009: Rule with no matching conditions	acceptance/phase2/routing-rules.spec.ts > Routing Rules Feature - Complete Acceptance Tests
firefox	acceptance/phase2/routing-rules.spec.ts	failed	2	34338	RBAC-RULE-010: Super admin can manage rules	acceptance/phase2/routing-rules.spec.ts > Routing Rules Feature - Complete Acceptance Tests
firefox	acceptance/phase2/routing-rules.spec.ts	failed	2	34252	RBAC-RULE-011: Admin cannot create rules	acceptance/phase2/routing-rules.spec.ts > Routing Rules Feature - Complete Acceptance Tests
firefox	acceptance/phase2/routing-rules.spec.ts	failed	2	34415	RBAC-RULE-012: Manager cannot access rules	acceptance/phase2/routing-rules.spec.ts > Routing Rules Feature - Complete Acceptance Tests
firefox	acceptance/phase2/routing-rules.spec.ts	failed	2	34450	AUD-RULE-013: Rule creation logged in audit trail	acceptance/phase2/routing-rules.spec.ts > Routing Rules Feature - Complete Acceptance Tests
firefox	acceptance/phase2/routing-rules.spec.ts	failed	2	34415	AUD-RULE-014: Rule update logged	acceptance/phase2/routing-rules.spec.ts > Routing Rules Feature - Complete Acceptance Tests
firefox	acceptance/phase2/routing-rules.spec.ts	failed	2	34394	AUD-RULE-015: Rule deletion logged	acceptance/phase2/routing-rules.spec.ts > Routing Rules Feature - Complete Acceptance Tests
firefox	acceptance/phase2/routing-rules.spec.ts	failed	2	34399	AUD-RULE-016: Rule execution logged	acceptance/phase2/routing-rules.spec.ts > Routing Rules Feature - Complete Acceptance Tests
webkit	acceptance/phase2/routing-rules.spec.ts	failed	2	32748	HP-RULE-001: Create active routing rule	acceptance/phase2/routing-rules.spec.ts > Routing Rules Feature - Complete Acceptance Tests
webkit	acceptance/phase2/routing-rules.spec.ts	failed	2	32885	HP-RULE-002: Create disabled routing rule	acceptance/phase2/routing-rules.spec.ts > Routing Rules Feature - Complete Acceptance Tests
webkit	acceptance/phase2/routing-rules.spec.ts	failed	2	32828	HP-RULE-003: List all routing rules	acceptance/phase2/routing-rules.spec.ts > Routing Rules Feature - Complete Acceptance Tests
webkit	acceptance/phase2/routing-rules.spec.ts	failed	2	32769	HP-RULE-004: Update rule priority	acceptance/phase2/routing-rules.spec.ts > Routing Rules Feature - Complete Acceptance Tests
webkit	acceptance/phase2/routing-rules.spec.ts	failed	2	32771	HP-RULE-005: Update rule status active to disabled	acceptance/phase2/routing-rules.spec.ts > Routing Rules Feature - Complete Acceptance Tests
webkit	acceptance/phase2/routing-rules.spec.ts	failed	2	32867	HP-RULE-006: Delete routing rule	acceptance/phase2/routing-rules.spec.ts > Routing Rules Feature - Complete Acceptance Tests
webkit	acceptance/phase2/routing-rules.spec.ts	failed	2	32787	EDGE-RULE-007: Disabled rule does not execute	acceptance/phase2/routing-rules.spec.ts > Routing Rules Feature - Complete Acceptance Tests
webkit	acceptance/phase2/routing-rules.spec.ts	failed	2	32759	EDGE-RULE-008: First match wins - higher priority executes	acceptance/phase2/routing-rules.spec.ts > Routing Rules Feature - Complete Acceptance Tests
webkit	acceptance/phase2/routing-rules.spec.ts	failed	2	32789	EDGE-RULE-009: Rule with no matching conditions	acceptance/phase2/routing-rules.spec.ts > Routing Rules Feature - Complete Acceptance Tests
webkit	acceptance/phase2/routing-rules.spec.ts	failed	2	32838	RBAC-RULE-010: Super admin can manage rules	acceptance/phase2/routing-rules.spec.ts > Routing Rules Feature - Complete Acceptance Tests
webkit	acceptance/phase2/routing-rules.spec.ts	failed	2	32793	RBAC-RULE-011: Admin cannot create rules	acceptance/phase2/routing-rules.spec.ts > Routing Rules Feature - Complete Acceptance Tests
webkit	acceptance/phase2/routing-rules.spec.ts	failed	2	32773	RBAC-RULE-012: Manager cannot access rules	acceptance/phase2/routing-rules.spec.ts > Routing Rules Feature - Complete Acceptance Tests
webkit	acceptance/phase2/routing-rules.spec.ts	failed	2	32788	AUD-RULE-013: Rule creation logged in audit trail	acceptance/phase2/routing-rules.spec.ts > Routing Rules Feature - Complete Acceptance Tests
webkit	acceptance/phase2/routing-rules.spec.ts	failed	2	32846	AUD-RULE-014: Rule update logged	acceptance/phase2/routing-rules.spec.ts > Routing Rules Feature - Complete Acceptance Tests
webkit	acceptance/phase2/routing-rules.spec.ts	failed	2	32856	AUD-RULE-015: Rule deletion logged	acceptance/phase2/routing-rules.spec.ts > Routing Rules Feature - Complete Acceptance Tests
webkit	acceptance/phase2/routing-rules.spec.ts	failed	2	32847	AUD-RULE-016: Rule execution logged	acceptance/phase2/routing-rules.spec.ts > Routing Rules Feature - Complete Acceptance Tests
chromium	acceptance/phase2/tags.spec.ts	failed	2	31217	HP-TAG-001: Create tag with valid name and color	acceptance/phase2/tags.spec.ts > Tags Feature - Complete Acceptance Tests
chromium	acceptance/phase2/tags.spec.ts	failed	2	31095	HP-TAG-002: List all tags	acceptance/phase2/tags.spec.ts > Tags Feature - Complete Acceptance Tests
chromium	acceptance/phase2/tags.spec.ts	failed	2	31237	HP-TAG-003: Apply tag to conversation	acceptance/phase2/tags.spec.ts > Tags Feature - Complete Acceptance Tests
chromium	acceptance/phase2/tags.spec.ts	failed	2	31131	HP-TAG-004: Remove tag from conversation	acceptance/phase2/tags.spec.ts > Tags Feature - Complete Acceptance Tests
chromium	acceptance/phase2/tags.spec.ts	failed	2	31160	EDGE-TAG-005: Duplicate tag name validation	acceptance/phase2/tags.spec.ts > Tags Feature - Complete Acceptance Tests
chromium	acceptance/phase2/tags.spec.ts	failed	2	31133	EDGE-TAG-006: Apply tag idempotent - applying same tag twice	acceptance/phase2/tags.spec.ts > Tags Feature - Complete Acceptance Tests
chromium	acceptance/phase2/tags.spec.ts	failed	2	31289	EDGE-TAG-007: Remove tag not present returns 200	acceptance/phase2/tags.spec.ts > Tags Feature - Complete Acceptance Tests
chromium	acceptance/phase2/tags.spec.ts	failed	2	31171	EDGE-TAG-008: Filter conversations by tag returns only tagged	acceptance/phase2/tags.spec.ts > Tags Feature - Complete Acceptance Tests
chromium	acceptance/phase2/tags.spec.ts	failed	2	31126	RBAC-TAG-009: User cannot create tag	acceptance/phase2/tags.spec.ts > Tags Feature - Complete Acceptance Tests
chromium	acceptance/phase2/tags.spec.ts	failed	2	31230	RBAC-TAG-010: User cannot apply tag to unassigned conversation	acceptance/phase2/tags.spec.ts > Tags Feature - Complete Acceptance Tests
chromium	acceptance/phase2/tags.spec.ts	failed	2	31398	RBAC-TAG-011: Super admin can always apply/remove tags	acceptance/phase2/tags.spec.ts > Tags Feature - Complete Acceptance Tests
chromium	acceptance/phase2/tags.spec.ts	failed	2	31405	AUD-TAG-012: Tag operations logged in audit trail	acceptance/phase2/tags.spec.ts > Tags Feature - Complete Acceptance Tests
firefox	acceptance/phase2/tags.spec.ts	failed	2	34404	HP-TAG-001: Create tag with valid name and color	acceptance/phase2/tags.spec.ts > Tags Feature - Complete Acceptance Tests
firefox	acceptance/phase2/tags.spec.ts	failed	2	34442	HP-TAG-002: List all tags	acceptance/phase2/tags.spec.ts > Tags Feature - Complete Acceptance Tests
firefox	acceptance/phase2/tags.spec.ts	failed	2	34432	HP-TAG-003: Apply tag to conversation	acceptance/phase2/tags.spec.ts > Tags Feature - Complete Acceptance Tests
firefox	acceptance/phase2/tags.spec.ts	failed	2	34387	HP-TAG-004: Remove tag from conversation	acceptance/phase2/tags.spec.ts > Tags Feature - Complete Acceptance Tests
firefox	acceptance/phase2/tags.spec.ts	failed	2	34421	EDGE-TAG-005: Duplicate tag name validation	acceptance/phase2/tags.spec.ts > Tags Feature - Complete Acceptance Tests
firefox	acceptance/phase2/tags.spec.ts	failed	2	34686	EDGE-TAG-006: Apply tag idempotent - applying same tag twice	acceptance/phase2/tags.spec.ts > Tags Feature - Complete Acceptance Tests
firefox	acceptance/phase2/tags.spec.ts	failed	2	34689	EDGE-TAG-007: Remove tag not present returns 200	acceptance/phase2/tags.spec.ts > Tags Feature - Complete Acceptance Tests
firefox	acceptance/phase2/tags.spec.ts	failed	2	34705	EDGE-TAG-008: Filter conversations by tag returns only tagged	acceptance/phase2/tags.spec.ts > Tags Feature - Complete Acceptance Tests
firefox	acceptance/phase2/tags.spec.ts	failed	2	34532	RBAC-TAG-009: User cannot create tag	acceptance/phase2/tags.spec.ts > Tags Feature - Complete Acceptance Tests
firefox	acceptance/phase2/tags.spec.ts	failed	2	35034	RBAC-TAG-010: User cannot apply tag to unassigned conversation	acceptance/phase2/tags.spec.ts > Tags Feature - Complete Acceptance Tests
firefox	acceptance/phase2/tags.spec.ts	failed	2	35085	RBAC-TAG-011: Super admin can always apply/remove tags	acceptance/phase2/tags.spec.ts > Tags Feature - Complete Acceptance Tests
firefox	acceptance/phase2/tags.spec.ts	failed	2	34823	AUD-TAG-012: Tag operations logged in audit trail	acceptance/phase2/tags.spec.ts > Tags Feature - Complete Acceptance Tests
webkit	acceptance/phase2/tags.spec.ts	failed	2	32766	HP-TAG-001: Create tag with valid name and color	acceptance/phase2/tags.spec.ts > Tags Feature - Complete Acceptance Tests
webkit	acceptance/phase2/tags.spec.ts	failed	2	35946	HP-TAG-002: List all tags	acceptance/phase2/tags.spec.ts > Tags Feature - Complete Acceptance Tests
webkit	acceptance/phase2/tags.spec.ts	failed	2	33639	HP-TAG-003: Apply tag to conversation	acceptance/phase2/tags.spec.ts > Tags Feature - Complete Acceptance Tests
webkit	acceptance/phase2/tags.spec.ts	failed	2	33617	HP-TAG-004: Remove tag from conversation	acceptance/phase2/tags.spec.ts > Tags Feature - Complete Acceptance Tests
webkit	acceptance/phase2/tags.spec.ts	failed	2	33853	EDGE-TAG-005: Duplicate tag name validation	acceptance/phase2/tags.spec.ts > Tags Feature - Complete Acceptance Tests
webkit	acceptance/phase2/tags.spec.ts	failed	2	32845	EDGE-TAG-006: Apply tag idempotent - applying same tag twice	acceptance/phase2/tags.spec.ts > Tags Feature - Complete Acceptance Tests
webkit	acceptance/phase2/tags.spec.ts	failed	2	33523	EDGE-TAG-007: Remove tag not present returns 200	acceptance/phase2/tags.spec.ts > Tags Feature - Complete Acceptance Tests
webkit	acceptance/phase2/tags.spec.ts	failed	2	33022	EDGE-TAG-008: Filter conversations by tag returns only tagged	acceptance/phase2/tags.spec.ts > Tags Feature - Complete Acceptance Tests
webkit	acceptance/phase2/tags.spec.ts	failed	2	33439	RBAC-TAG-009: User cannot create tag	acceptance/phase2/tags.spec.ts > Tags Feature - Complete Acceptance Tests
webkit	acceptance/phase2/tags.spec.ts	failed	2	32986	RBAC-TAG-010: User cannot apply tag to unassigned conversation	acceptance/phase2/tags.spec.ts > Tags Feature - Complete Acceptance Tests
webkit	acceptance/phase2/tags.spec.ts	failed	2	33301	RBAC-TAG-011: Super admin can always apply/remove tags	acceptance/phase2/tags.spec.ts > Tags Feature - Complete Acceptance Tests
webkit	acceptance/phase2/tags.spec.ts	failed	2	33137	AUD-TAG-012: Tag operations logged in audit trail	acceptance/phase2/tags.spec.ts > Tags Feature - Complete Acceptance Tests
chromium	backend-audit-logs.spec.ts	failed	2	0	should list audit logs with manager role	backend-audit-logs.spec.ts > Backend API - Audit Log Endpoints > GET /api/audit-logs
chromium	backend-audit-logs.spec.ts	skipped	2	0	should reject request without authentication	backend-audit-logs.spec.ts > Backend API - Audit Log Endpoints > GET /api/audit-logs
chromium	backend-audit-logs.spec.ts	skipped	2	0	should reject request from user role (insufficient permissions)	backend-audit-logs.spec.ts > Backend API - Audit Log Endpoints > GET /api/audit-logs
chromium	backend-audit-logs.spec.ts	skipped	2	0	should support pagination parameters	backend-audit-logs.spec.ts > Backend API - Audit Log Endpoints > GET /api/audit-logs
chromium	backend-audit-logs.spec.ts	skipped	2	0	should support filtering by action	backend-audit-logs.spec.ts > Backend API - Audit Log Endpoints > GET /api/audit-logs
chromium	backend-audit-logs.spec.ts	skipped	2	0	should support filtering by entity type	backend-audit-logs.spec.ts > Backend API - Audit Log Endpoints > GET /api/audit-logs
chromium	backend-audit-logs.spec.ts	skipped	2	0	should support date range filtering	backend-audit-logs.spec.ts > Backend API - Audit Log Endpoints > GET /api/audit-logs
chromium	backend-audit-logs.spec.ts	skipped	2	0	should include required audit log fields	backend-audit-logs.spec.ts > Backend API - Audit Log Endpoints > GET /api/audit-logs
chromium	backend-audit-logs.spec.ts	skipped	2	0	should support combined filters	backend-audit-logs.spec.ts > Backend API - Audit Log Endpoints > GET /api/audit-logs
chromium	backend-audit-logs.spec.ts	failed	2	0	should handle invalid date format gracefully	backend-audit-logs.spec.ts > Backend API - Audit Log Endpoints > GET /api/audit-logs
chromium	backend-audit-logs.spec.ts	skipped	2	0	should enforce maximum limit	backend-audit-logs.spec.ts > Backend API - Audit Log Endpoints > GET /api/audit-logs
firefox	backend-audit-logs.spec.ts	failed	2	0	should list audit logs with manager role	backend-audit-logs.spec.ts > Backend API - Audit Log Endpoints > GET /api/audit-logs
firefox	backend-audit-logs.spec.ts	skipped	2	0	should reject request without authentication	backend-audit-logs.spec.ts > Backend API - Audit Log Endpoints > GET /api/audit-logs
firefox	backend-audit-logs.spec.ts	skipped	2	0	should reject request from user role (insufficient permissions)	backend-audit-logs.spec.ts > Backend API - Audit Log Endpoints > GET /api/audit-logs
firefox	backend-audit-logs.spec.ts	skipped	2	0	should support pagination parameters	backend-audit-logs.spec.ts > Backend API - Audit Log Endpoints > GET /api/audit-logs
firefox	backend-audit-logs.spec.ts	skipped	2	0	should support filtering by action	backend-audit-logs.spec.ts > Backend API - Audit Log Endpoints > GET /api/audit-logs
firefox	backend-audit-logs.spec.ts	skipped	2	0	should support filtering by entity type	backend-audit-logs.spec.ts > Backend API - Audit Log Endpoints > GET /api/audit-logs
firefox	backend-audit-logs.spec.ts	skipped	2	0	should support date range filtering	backend-audit-logs.spec.ts > Backend API - Audit Log Endpoints > GET /api/audit-logs
firefox	backend-audit-logs.spec.ts	skipped	2	0	should include required audit log fields	backend-audit-logs.spec.ts > Backend API - Audit Log Endpoints > GET /api/audit-logs
firefox	backend-audit-logs.spec.ts	skipped	2	0	should support combined filters	backend-audit-logs.spec.ts > Backend API - Audit Log Endpoints > GET /api/audit-logs
firefox	backend-audit-logs.spec.ts	failed	2	0	should handle invalid date format gracefully	backend-audit-logs.spec.ts > Backend API - Audit Log Endpoints > GET /api/audit-logs
firefox	backend-audit-logs.spec.ts	skipped	2	0	should enforce maximum limit	backend-audit-logs.spec.ts > Backend API - Audit Log Endpoints > GET /api/audit-logs
webkit	backend-audit-logs.spec.ts	failed	2	0	should list audit logs with manager role	backend-audit-logs.spec.ts > Backend API - Audit Log Endpoints > GET /api/audit-logs
webkit	backend-audit-logs.spec.ts	skipped	2	0	should reject request without authentication	backend-audit-logs.spec.ts > Backend API - Audit Log Endpoints > GET /api/audit-logs
webkit	backend-audit-logs.spec.ts	skipped	2	0	should reject request from user role (insufficient permissions)	backend-audit-logs.spec.ts > Backend API - Audit Log Endpoints > GET /api/audit-logs
webkit	backend-audit-logs.spec.ts	skipped	2	0	should support pagination parameters	backend-audit-logs.spec.ts > Backend API - Audit Log Endpoints > GET /api/audit-logs
webkit	backend-audit-logs.spec.ts	skipped	2	0	should support filtering by action	backend-audit-logs.spec.ts > Backend API - Audit Log Endpoints > GET /api/audit-logs
webkit	backend-audit-logs.spec.ts	skipped	2	0	should support filtering by entity type	backend-audit-logs.spec.ts > Backend API - Audit Log Endpoints > GET /api/audit-logs
webkit	backend-audit-logs.spec.ts	skipped	2	0	should support date range filtering	backend-audit-logs.spec.ts > Backend API - Audit Log Endpoints > GET /api/audit-logs
webkit	backend-audit-logs.spec.ts	skipped	2	0	should include required audit log fields	backend-audit-logs.spec.ts > Backend API - Audit Log Endpoints > GET /api/audit-logs
webkit	backend-audit-logs.spec.ts	skipped	2	0	should support combined filters	backend-audit-logs.spec.ts > Backend API - Audit Log Endpoints > GET /api/audit-logs
webkit	backend-audit-logs.spec.ts	failed	2	0	should handle invalid date format gracefully	backend-audit-logs.spec.ts > Backend API - Audit Log Endpoints > GET /api/audit-logs
webkit	backend-audit-logs.spec.ts	skipped	2	0	should enforce maximum limit	backend-audit-logs.spec.ts > Backend API - Audit Log Endpoints > GET /api/audit-logs
chromium	backend-audit-logs.spec.ts	skipped	2	0	should reject request without authentication	backend-audit-logs.spec.ts > Backend API - Audit Log Endpoints > GET /api/audit-logs/conversation/:id
chromium	backend-audit-logs.spec.ts	skipped	2	0	should reject request from user role	backend-audit-logs.spec.ts > Backend API - Audit Log Endpoints > GET /api/audit-logs/conversation/:id
chromium	backend-audit-logs.spec.ts	skipped	2	0	should return logs for specific conversation with manager role	backend-audit-logs.spec.ts > Backend API - Audit Log Endpoints > GET /api/audit-logs/conversation/:id
chromium	backend-audit-logs.spec.ts	skipped	2	0	should return 404 for non-existent conversation	backend-audit-logs.spec.ts > Backend API - Audit Log Endpoints > GET /api/audit-logs/conversation/:id
chromium	backend-audit-logs.spec.ts	skipped	2	0	should reject invalid conversation ID format	backend-audit-logs.spec.ts > Backend API - Audit Log Endpoints > GET /api/audit-logs/conversation/:id
chromium	backend-audit-logs.spec.ts	skipped	2	0	should support pagination for conversation logs	backend-audit-logs.spec.ts > Backend API - Audit Log Endpoints > GET /api/audit-logs/conversation/:id
firefox	backend-audit-logs.spec.ts	skipped	2	0	should reject request without authentication	backend-audit-logs.spec.ts > Backend API - Audit Log Endpoints > GET /api/audit-logs/conversation/:id
firefox	backend-audit-logs.spec.ts	skipped	2	0	should reject request from user role	backend-audit-logs.spec.ts > Backend API - Audit Log Endpoints > GET /api/audit-logs/conversation/:id
firefox	backend-audit-logs.spec.ts	skipped	2	0	should return logs for specific conversation with manager role	backend-audit-logs.spec.ts > Backend API - Audit Log Endpoints > GET /api/audit-logs/conversation/:id
firefox	backend-audit-logs.spec.ts	skipped	2	0	should return 404 for non-existent conversation	backend-audit-logs.spec.ts > Backend API - Audit Log Endpoints > GET /api/audit-logs/conversation/:id
firefox	backend-audit-logs.spec.ts	skipped	2	0	should reject invalid conversation ID format	backend-audit-logs.spec.ts > Backend API - Audit Log Endpoints > GET /api/audit-logs/conversation/:id
firefox	backend-audit-logs.spec.ts	skipped	2	0	should support pagination for conversation logs	backend-audit-logs.spec.ts > Backend API - Audit Log Endpoints > GET /api/audit-logs/conversation/:id
webkit	backend-audit-logs.spec.ts	skipped	2	0	should reject request without authentication	backend-audit-logs.spec.ts > Backend API - Audit Log Endpoints > GET /api/audit-logs/conversation/:id
webkit	backend-audit-logs.spec.ts	skipped	2	0	should reject request from user role	backend-audit-logs.spec.ts > Backend API - Audit Log Endpoints > GET /api/audit-logs/conversation/:id
webkit	backend-audit-logs.spec.ts	skipped	2	0	should return logs for specific conversation with manager role	backend-audit-logs.spec.ts > Backend API - Audit Log Endpoints > GET /api/audit-logs/conversation/:id
webkit	backend-audit-logs.spec.ts	skipped	2	0	should return 404 for non-existent conversation	backend-audit-logs.spec.ts > Backend API - Audit Log Endpoints > GET /api/audit-logs/conversation/:id
webkit	backend-audit-logs.spec.ts	skipped	2	0	should reject invalid conversation ID format	backend-audit-logs.spec.ts > Backend API - Audit Log Endpoints > GET /api/audit-logs/conversation/:id
webkit	backend-audit-logs.spec.ts	skipped	2	0	should support pagination for conversation logs	backend-audit-logs.spec.ts > Backend API - Audit Log Endpoints > GET /api/audit-logs/conversation/:id
chromium	backend-audit-logs.spec.ts	skipped	2	0	should reject request without authentication	backend-audit-logs.spec.ts > Backend API - Audit Log Endpoints > GET /api/audit-logs/actor/:userId
chromium	backend-audit-logs.spec.ts	failed	2	0	should reject request from manager role (admin+ only)	backend-audit-logs.spec.ts > Backend API - Audit Log Endpoints > GET /api/audit-logs/actor/:userId
chromium	backend-audit-logs.spec.ts	skipped	2	0	should reject request from user role	backend-audit-logs.spec.ts > Backend API - Audit Log Endpoints > GET /api/audit-logs/actor/:userId
chromium	backend-audit-logs.spec.ts	skipped	2	0	should reject invalid user ID format	backend-audit-logs.spec.ts > Backend API - Audit Log Endpoints > GET /api/audit-logs/actor/:userId
chromium	backend-audit-logs.spec.ts	skipped	2	0	should return 404 for non-existent user	backend-audit-logs.spec.ts > Backend API - Audit Log Endpoints > GET /api/audit-logs/actor/:userId
firefox	backend-audit-logs.spec.ts	skipped	2	0	should reject request without authentication	backend-audit-logs.spec.ts > Backend API - Audit Log Endpoints > GET /api/audit-logs/actor/:userId
firefox	backend-audit-logs.spec.ts	failed	2	0	should reject request from manager role (admin+ only)	backend-audit-logs.spec.ts > Backend API - Audit Log Endpoints > GET /api/audit-logs/actor/:userId
firefox	backend-audit-logs.spec.ts	skipped	2	0	should reject request from user role	backend-audit-logs.spec.ts > Backend API - Audit Log Endpoints > GET /api/audit-logs/actor/:userId
firefox	backend-audit-logs.spec.ts	skipped	2	0	should reject invalid user ID format	backend-audit-logs.spec.ts > Backend API - Audit Log Endpoints > GET /api/audit-logs/actor/:userId
firefox	backend-audit-logs.spec.ts	skipped	2	0	should return 404 for non-existent user	backend-audit-logs.spec.ts > Backend API - Audit Log Endpoints > GET /api/audit-logs/actor/:userId
webkit	backend-audit-logs.spec.ts	skipped	2	0	should reject request without authentication	backend-audit-logs.spec.ts > Backend API - Audit Log Endpoints > GET /api/audit-logs/actor/:userId
webkit	backend-audit-logs.spec.ts	failed	2	0	should reject request from manager role (admin+ only)	backend-audit-logs.spec.ts > Backend API - Audit Log Endpoints > GET /api/audit-logs/actor/:userId
webkit	backend-audit-logs.spec.ts	skipped	2	0	should reject request from user role	backend-audit-logs.spec.ts > Backend API - Audit Log Endpoints > GET /api/audit-logs/actor/:userId
webkit	backend-audit-logs.spec.ts	skipped	2	0	should reject invalid user ID format	backend-audit-logs.spec.ts > Backend API - Audit Log Endpoints > GET /api/audit-logs/actor/:userId
webkit	backend-audit-logs.spec.ts	skipped	2	0	should return 404 for non-existent user	backend-audit-logs.spec.ts > Backend API - Audit Log Endpoints > GET /api/audit-logs/actor/:userId
chromium	backend-audit-logs.spec.ts	skipped	2	0	should log user login actions	backend-audit-logs.spec.ts > Backend API - Audit Log Endpoints > Audit Log Content Validation
chromium	backend-audit-logs.spec.ts	skipped	2	0	should log user logout actions	backend-audit-logs.spec.ts > Backend API - Audit Log Endpoints > Audit Log Content Validation
chromium	backend-audit-logs.spec.ts	skipped	2	0	should include actor information in logs	backend-audit-logs.spec.ts > Backend API - Audit Log Endpoints > Audit Log Content Validation
chromium	backend-audit-logs.spec.ts	skipped	2	0	should include metadata in audit logs	backend-audit-logs.spec.ts > Backend API - Audit Log Endpoints > Audit Log Content Validation
firefox	backend-audit-logs.spec.ts	skipped	2	0	should log user login actions	backend-audit-logs.spec.ts > Backend API - Audit Log Endpoints > Audit Log Content Validation
firefox	backend-audit-logs.spec.ts	skipped	2	0	should log user logout actions	backend-audit-logs.spec.ts > Backend API - Audit Log Endpoints > Audit Log Content Validation
firefox	backend-audit-logs.spec.ts	skipped	2	0	should include actor information in logs	backend-audit-logs.spec.ts > Backend API - Audit Log Endpoints > Audit Log Content Validation
firefox	backend-audit-logs.spec.ts	skipped	2	0	should include metadata in audit logs	backend-audit-logs.spec.ts > Backend API - Audit Log Endpoints > Audit Log Content Validation
webkit	backend-audit-logs.spec.ts	skipped	2	0	should log user login actions	backend-audit-logs.spec.ts > Backend API - Audit Log Endpoints > Audit Log Content Validation
webkit	backend-audit-logs.spec.ts	skipped	2	0	should log user logout actions	backend-audit-logs.spec.ts > Backend API - Audit Log Endpoints > Audit Log Content Validation
webkit	backend-audit-logs.spec.ts	skipped	2	0	should include actor information in logs	backend-audit-logs.spec.ts > Backend API - Audit Log Endpoints > Audit Log Content Validation
webkit	backend-audit-logs.spec.ts	skipped	2	0	should include metadata in audit logs	backend-audit-logs.spec.ts > Backend API - Audit Log Endpoints > Audit Log Content Validation
chromium	backend-audit-logs.spec.ts	skipped	2	0	should return consistent response format	backend-audit-logs.spec.ts > Backend API - Audit Log Endpoints > Response Format & Pagination
chromium	backend-audit-logs.spec.ts	failed	2	0	should calculate total pages correctly	backend-audit-logs.spec.ts > Backend API - Audit Log Endpoints > Response Format & Pagination
chromium	backend-audit-logs.spec.ts	skipped	2	0	should handle empty result sets	backend-audit-logs.spec.ts > Backend API - Audit Log Endpoints > Response Format & Pagination
firefox	backend-audit-logs.spec.ts	skipped	2	0	should return consistent response format	backend-audit-logs.spec.ts > Backend API - Audit Log Endpoints > Response Format & Pagination
firefox	backend-audit-logs.spec.ts	failed	2	0	should calculate total pages correctly	backend-audit-logs.spec.ts > Backend API - Audit Log Endpoints > Response Format & Pagination
firefox	backend-audit-logs.spec.ts	skipped	2	0	should handle empty result sets	backend-audit-logs.spec.ts > Backend API - Audit Log Endpoints > Response Format & Pagination
webkit	backend-audit-logs.spec.ts	skipped	2	0	should return consistent response format	backend-audit-logs.spec.ts > Backend API - Audit Log Endpoints > Response Format & Pagination
webkit	backend-audit-logs.spec.ts	failed	2	0	should calculate total pages correctly	backend-audit-logs.spec.ts > Backend API - Audit Log Endpoints > Response Format & Pagination
webkit	backend-audit-logs.spec.ts	skipped	2	0	should handle empty result sets	backend-audit-logs.spec.ts > Backend API - Audit Log Endpoints > Response Format & Pagination
chromium	backend-audit-logs.spec.ts	skipped	2	0	should respond within acceptable time (<1 second)	backend-audit-logs.spec.ts > Backend API - Audit Log Endpoints > Performance & Limits
chromium	backend-audit-logs.spec.ts	skipped	2	0	should handle large page numbers gracefully	backend-audit-logs.spec.ts > Backend API - Audit Log Endpoints > Performance & Limits
firefox	backend-audit-logs.spec.ts	skipped	2	0	should respond within acceptable time (<1 second)	backend-audit-logs.spec.ts > Backend API - Audit Log Endpoints > Performance & Limits
firefox	backend-audit-logs.spec.ts	skipped	2	0	should handle large page numbers gracefully	backend-audit-logs.spec.ts > Backend API - Audit Log Endpoints > Performance & Limits
webkit	backend-audit-logs.spec.ts	skipped	2	0	should respond within acceptable time (<1 second)	backend-audit-logs.spec.ts > Backend API - Audit Log Endpoints > Performance & Limits
webkit	backend-audit-logs.spec.ts	skipped	2	0	should handle large page numbers gracefully	backend-audit-logs.spec.ts > Backend API - Audit Log Endpoints > Performance & Limits
chromium	backend-audit-logs.spec.ts	skipped	2	0	should enforce role-based access (manager+ only)	backend-audit-logs.spec.ts > Backend API - Audit Log Endpoints > Security & Access Control
chromium	backend-audit-logs.spec.ts	skipped	2	0	should not expose sensitive data in audit logs	backend-audit-logs.spec.ts > Backend API - Audit Log Endpoints > Security & Access Control
firefox	backend-audit-logs.spec.ts	skipped	2	0	should enforce role-based access (manager+ only)	backend-audit-logs.spec.ts > Backend API - Audit Log Endpoints > Security & Access Control
firefox	backend-audit-logs.spec.ts	skipped	2	0	should not expose sensitive data in audit logs	backend-audit-logs.spec.ts > Backend API - Audit Log Endpoints > Security & Access Control
webkit	backend-audit-logs.spec.ts	skipped	2	0	should enforce role-based access (manager+ only)	backend-audit-logs.spec.ts > Backend API - Audit Log Endpoints > Security & Access Control
webkit	backend-audit-logs.spec.ts	skipped	2	0	should not expose sensitive data in audit logs	backend-audit-logs.spec.ts > Backend API - Audit Log Endpoints > Security & Access Control
chromium	backend-auth.spec.ts	failed	2	154	AUTH-001: should register new user with valid credentials	backend-auth.spec.ts > Backend API - Authentication Endpoints > POST /api/auth/register
chromium	backend-auth.spec.ts	failed	2	153	should reject registration with weak password (< 6 chars)	backend-auth.spec.ts > Backend API - Authentication Endpoints > POST /api/auth/register
chromium	backend-auth.spec.ts	failed	2	138	should reject registration with invalid email format	backend-auth.spec.ts > Backend API - Authentication Endpoints > POST /api/auth/register
chromium	backend-auth.spec.ts	failed	2	166	should reject duplicate email registration	backend-auth.spec.ts > Backend API - Authentication Endpoints > POST /api/auth/register
chromium	backend-auth.spec.ts	failed	2	149	should reject registration with missing required fields	backend-auth.spec.ts > Backend API - Authentication Endpoints > POST /api/auth/register
firefox	backend-auth.spec.ts	failed	2	151	AUTH-001: should register new user with valid credentials	backend-auth.spec.ts > Backend API - Authentication Endpoints > POST /api/auth/register
firefox	backend-auth.spec.ts	failed	2	152	should reject registration with weak password (< 6 chars)	backend-auth.spec.ts > Backend API - Authentication Endpoints > POST /api/auth/register
firefox	backend-auth.spec.ts	failed	2	170	should reject registration with invalid email format	backend-auth.spec.ts > Backend API - Authentication Endpoints > POST /api/auth/register
firefox	backend-auth.spec.ts	failed	2	124	should reject duplicate email registration	backend-auth.spec.ts > Backend API - Authentication Endpoints > POST /api/auth/register
firefox	backend-auth.spec.ts	failed	2	144	should reject registration with missing required fields	backend-auth.spec.ts > Backend API - Authentication Endpoints > POST /api/auth/register
webkit	backend-auth.spec.ts	failed	2	154	AUTH-001: should register new user with valid credentials	backend-auth.spec.ts > Backend API - Authentication Endpoints > POST /api/auth/register
webkit	backend-auth.spec.ts	failed	2	123	should reject registration with weak password (< 6 chars)	backend-auth.spec.ts > Backend API - Authentication Endpoints > POST /api/auth/register
webkit	backend-auth.spec.ts	failed	2	137	should reject registration with invalid email format	backend-auth.spec.ts > Backend API - Authentication Endpoints > POST /api/auth/register
webkit	backend-auth.spec.ts	failed	2	158	should reject duplicate email registration	backend-auth.spec.ts > Backend API - Authentication Endpoints > POST /api/auth/register
webkit	backend-auth.spec.ts	failed	2	165	should reject registration with missing required fields	backend-auth.spec.ts > Backend API - Authentication Endpoints > POST /api/auth/register
chromium	backend-auth.spec.ts	failed	2	0	AUTH-002: should login with correct credentials and return JWT token	backend-auth.spec.ts > Backend API - Authentication Endpoints > POST /api/auth/login
chromium	backend-auth.spec.ts	skipped	2	0	AUTH-003: should reject login with incorrect password	backend-auth.spec.ts > Backend API - Authentication Endpoints > POST /api/auth/login
chromium	backend-auth.spec.ts	skipped	2	0	should reject login with non-existent email	backend-auth.spec.ts > Backend API - Authentication Endpoints > POST /api/auth/login
chromium	backend-auth.spec.ts	skipped	2	0	should reject login with missing credentials	backend-auth.spec.ts > Backend API - Authentication Endpoints > POST /api/auth/login
chromium	backend-auth.spec.ts	failed	2	0	should update lastLoginAt timestamp on successful login	backend-auth.spec.ts > Backend API - Authentication Endpoints > POST /api/auth/login
firefox	backend-auth.spec.ts	failed	2	0	AUTH-002: should login with correct credentials and return JWT token	backend-auth.spec.ts > Backend API - Authentication Endpoints > POST /api/auth/login
firefox	backend-auth.spec.ts	skipped	2	0	AUTH-003: should reject login with incorrect password	backend-auth.spec.ts > Backend API - Authentication Endpoints > POST /api/auth/login
firefox	backend-auth.spec.ts	skipped	2	0	should reject login with non-existent email	backend-auth.spec.ts > Backend API - Authentication Endpoints > POST /api/auth/login
firefox	backend-auth.spec.ts	skipped	2	0	should reject login with missing credentials	backend-auth.spec.ts > Backend API - Authentication Endpoints > POST /api/auth/login
firefox	backend-auth.spec.ts	failed	2	0	should update lastLoginAt timestamp on successful login	backend-auth.spec.ts > Backend API - Authentication Endpoints > POST /api/auth/login
webkit	backend-auth.spec.ts	failed	2	0	AUTH-002: should login with correct credentials and return JWT token	backend-auth.spec.ts > Backend API - Authentication Endpoints > POST /api/auth/login
webkit	backend-auth.spec.ts	skipped	2	0	AUTH-003: should reject login with incorrect password	backend-auth.spec.ts > Backend API - Authentication Endpoints > POST /api/auth/login
webkit	backend-auth.spec.ts	skipped	2	0	should reject login with non-existent email	backend-auth.spec.ts > Backend API - Authentication Endpoints > POST /api/auth/login
webkit	backend-auth.spec.ts	skipped	2	0	should reject login with missing credentials	backend-auth.spec.ts > Backend API - Authentication Endpoints > POST /api/auth/login
webkit	backend-auth.spec.ts	failed	2	0	should update lastLoginAt timestamp on successful login	backend-auth.spec.ts > Backend API - Authentication Endpoints > POST /api/auth/login
chromium	backend-auth.spec.ts	failed	2	0	AUTH-006: should return current user profile with valid JWT	backend-auth.spec.ts > Backend API - Authentication Endpoints > GET /api/auth/me
chromium	backend-auth.spec.ts	skipped	2	0	AUTH-005: should reject request without JWT token	backend-auth.spec.ts > Backend API - Authentication Endpoints > GET /api/auth/me
chromium	backend-auth.spec.ts	skipped	2	0	AUTH-007: should reject request with invalid JWT token	backend-auth.spec.ts > Backend API - Authentication Endpoints > GET /api/auth/me
chromium	backend-auth.spec.ts	failed	2	0	should reject request with malformed Authorization header	backend-auth.spec.ts > Backend API - Authentication Endpoints > GET /api/auth/me
chromium	backend-auth.spec.ts	skipped	2	0	should reject request with missing Bearer prefix	backend-auth.spec.ts > Backend API - Authentication Endpoints > GET /api/auth/me
firefox	backend-auth.spec.ts	failed	2	0	AUTH-006: should return current user profile with valid JWT	backend-auth.spec.ts > Backend API - Authentication Endpoints > GET /api/auth/me
firefox	backend-auth.spec.ts	skipped	2	0	AUTH-005: should reject request without JWT token	backend-auth.spec.ts > Backend API - Authentication Endpoints > GET /api/auth/me
firefox	backend-auth.spec.ts	skipped	2	0	AUTH-007: should reject request with invalid JWT token	backend-auth.spec.ts > Backend API - Authentication Endpoints > GET /api/auth/me
firefox	backend-auth.spec.ts	failed	2	0	should reject request with malformed Authorization header	backend-auth.spec.ts > Backend API - Authentication Endpoints > GET /api/auth/me
firefox	backend-auth.spec.ts	skipped	2	0	should reject request with missing Bearer prefix	backend-auth.spec.ts > Backend API - Authentication Endpoints > GET /api/auth/me
webkit	backend-auth.spec.ts	failed	2	0	AUTH-006: should return current user profile with valid JWT	backend-auth.spec.ts > Backend API - Authentication Endpoints > GET /api/auth/me
webkit	backend-auth.spec.ts	skipped	2	0	AUTH-005: should reject request without JWT token	backend-auth.spec.ts > Backend API - Authentication Endpoints > GET /api/auth/me
webkit	backend-auth.spec.ts	skipped	2	0	AUTH-007: should reject request with invalid JWT token	backend-auth.spec.ts > Backend API - Authentication Endpoints > GET /api/auth/me
webkit	backend-auth.spec.ts	failed	2	0	should reject request with malformed Authorization header	backend-auth.spec.ts > Backend API - Authentication Endpoints > GET /api/auth/me
webkit	backend-auth.spec.ts	skipped	2	0	should reject request with missing Bearer prefix	backend-auth.spec.ts > Backend API - Authentication Endpoints > GET /api/auth/me
chromium	backend-auth.spec.ts	failed	2	0	should logout successfully with valid token	backend-auth.spec.ts > Backend API - Authentication Endpoints > POST /api/auth/logout
chromium	backend-auth.spec.ts	skipped	2	0	should reject logout without token	backend-auth.spec.ts > Backend API - Authentication Endpoints > POST /api/auth/logout
firefox	backend-auth.spec.ts	failed	2	0	should logout successfully with valid token	backend-auth.spec.ts > Backend API - Authentication Endpoints > POST /api/auth/logout
firefox	backend-auth.spec.ts	skipped	2	0	should reject logout without token	backend-auth.spec.ts > Backend API - Authentication Endpoints > POST /api/auth/logout
webkit	backend-auth.spec.ts	failed	2	0	should logout successfully with valid token	backend-auth.spec.ts > Backend API - Authentication Endpoints > POST /api/auth/logout
webkit	backend-auth.spec.ts	skipped	2	0	should reject logout without token	backend-auth.spec.ts > Backend API - Authentication Endpoints > POST /api/auth/logout
chromium	backend-auth.spec.ts	failed	2	86	AUTH-008: should send password reset request for existing email	backend-auth.spec.ts > Backend API - Authentication Endpoints > POST /api/auth/forgot-password
chromium	backend-auth.spec.ts	failed	2	96	should return same generic response for non-existent email	backend-auth.spec.ts > Backend API - Authentication Endpoints > POST /api/auth/forgot-password
chromium	backend-auth.spec.ts	failed	2	91	should reject invalid email format	backend-auth.spec.ts > Backend API - Authentication Endpoints > POST /api/auth/forgot-password
firefox	backend-auth.spec.ts	failed	2	89	AUTH-008: should send password reset request for existing email	backend-auth.spec.ts > Backend API - Authentication Endpoints > POST /api/auth/forgot-password
firefox	backend-auth.spec.ts	failed	2	97	should return same generic response for non-existent email	backend-auth.spec.ts > Backend API - Authentication Endpoints > POST /api/auth/forgot-password
firefox	backend-auth.spec.ts	failed	2	87	should reject invalid email format	backend-auth.spec.ts > Backend API - Authentication Endpoints > POST /api/auth/forgot-password
webkit	backend-auth.spec.ts	failed	2	103	AUTH-008: should send password reset request for existing email	backend-auth.spec.ts > Backend API - Authentication Endpoints > POST /api/auth/forgot-password
webkit	backend-auth.spec.ts	failed	2	74	should return same generic response for non-existent email	backend-auth.spec.ts > Backend API - Authentication Endpoints > POST /api/auth/forgot-password
webkit	backend-auth.spec.ts	failed	2	97	should reject invalid email format	backend-auth.spec.ts > Backend API - Authentication Endpoints > POST /api/auth/forgot-password
chromium	backend-auth.spec.ts	failed	2	147	should reject reset with invalid token	backend-auth.spec.ts > Backend API - Authentication Endpoints > POST /api/auth/reset-password
chromium	backend-auth.spec.ts	failed	2	162	should reject reset with weak new password	backend-auth.spec.ts > Backend API - Authentication Endpoints > POST /api/auth/reset-password
chromium	backend-auth.spec.ts	failed	2	170	should reject reset with missing fields	backend-auth.spec.ts > Backend API - Authentication Endpoints > POST /api/auth/reset-password
firefox	backend-auth.spec.ts	failed	2	145	should reject reset with invalid token	backend-auth.spec.ts > Backend API - Authentication Endpoints > POST /api/auth/reset-password
firefox	backend-auth.spec.ts	failed	2	159	should reject reset with weak new password	backend-auth.spec.ts > Backend API - Authentication Endpoints > POST /api/auth/reset-password
firefox	backend-auth.spec.ts	failed	2	183	should reject reset with missing fields	backend-auth.spec.ts > Backend API - Authentication Endpoints > POST /api/auth/reset-password
webkit	backend-auth.spec.ts	failed	2	167	should reject reset with invalid token	backend-auth.spec.ts > Backend API - Authentication Endpoints > POST /api/auth/reset-password
webkit	backend-auth.spec.ts	failed	2	171	should reject reset with weak new password	backend-auth.spec.ts > Backend API - Authentication Endpoints > POST /api/auth/reset-password
webkit	backend-auth.spec.ts	failed	2	203	should reject reset with missing fields	backend-auth.spec.ts > Backend API - Authentication Endpoints > POST /api/auth/reset-password
chromium	backend-auth.spec.ts	failed	2	163	should return proper error format for validation failures	backend-auth.spec.ts > Backend API - Authentication Endpoints > Error Handling
chromium	backend-auth.spec.ts	failed	2	157	should handle malformed JSON gracefully	backend-auth.spec.ts > Backend API - Authentication Endpoints > Error Handling
chromium	backend-auth.spec.ts	passed	0	46	should return 404 for non-existent auth endpoints	backend-auth.spec.ts > Backend API - Authentication Endpoints > Error Handling
firefox	backend-auth.spec.ts	failed	2	186	should return proper error format for validation failures	backend-auth.spec.ts > Backend API - Authentication Endpoints > Error Handling
firefox	backend-auth.spec.ts	failed	2	208	should handle malformed JSON gracefully	backend-auth.spec.ts > Backend API - Authentication Endpoints > Error Handling
firefox	backend-auth.spec.ts	passed	0	56	should return 404 for non-existent auth endpoints	backend-auth.spec.ts > Backend API - Authentication Endpoints > Error Handling
webkit	backend-auth.spec.ts	failed	2	186	should return proper error format for validation failures	backend-auth.spec.ts > Backend API - Authentication Endpoints > Error Handling
webkit	backend-auth.spec.ts	failed	2	202	should handle malformed JSON gracefully	backend-auth.spec.ts > Backend API - Authentication Endpoints > Error Handling
webkit	backend-auth.spec.ts	passed	0	44	should return 404 for non-existent auth endpoints	backend-auth.spec.ts > Backend API - Authentication Endpoints > Error Handling
chromium	backend-auth.spec.ts	failed	2	201	should assign default "user" role on registration	backend-auth.spec.ts > Backend API - Authentication Endpoints > RBAC-001: Role Assignment
firefox	backend-auth.spec.ts	failed	2	175	should assign default "user" role on registration	backend-auth.spec.ts > Backend API - Authentication Endpoints > RBAC-001: Role Assignment
webkit	backend-auth.spec.ts	failed	2	163	should assign default "user" role on registration	backend-auth.spec.ts > Backend API - Authentication Endpoints > RBAC-001: Role Assignment
chromium	backend-auth.spec.ts	failed	2	140	should not return password hash in any response	backend-auth.spec.ts > Backend API - Authentication Endpoints > Security Tests
chromium	backend-auth.spec.ts	passed	0	65	should reject SQL injection attempts in email field	backend-auth.spec.ts > Backend API - Authentication Endpoints > Security Tests
chromium	backend-auth.spec.ts	failed	2	206	should enforce minimum password length (6 characters)	backend-auth.spec.ts > Backend API - Authentication Endpoints > Security Tests
firefox	backend-auth.spec.ts	failed	2	194	should not return password hash in any response	backend-auth.spec.ts > Backend API - Authentication Endpoints > Security Tests
firefox	backend-auth.spec.ts	passed	0	22	should reject SQL injection attempts in email field	backend-auth.spec.ts > Backend API - Authentication Endpoints > Security Tests
firefox	backend-auth.spec.ts	failed	2	145	should enforce minimum password length (6 characters)	backend-auth.spec.ts > Backend API - Authentication Endpoints > Security Tests
webkit	backend-auth.spec.ts	failed	2	174	should not return password hash in any response	backend-auth.spec.ts > Backend API - Authentication Endpoints > Security Tests
webkit	backend-auth.spec.ts	passed	0	61	should reject SQL injection attempts in email field	backend-auth.spec.ts > Backend API - Authentication Endpoints > Security Tests
webkit	backend-auth.spec.ts	failed	2	194	should enforce minimum password length (6 characters)	backend-auth.spec.ts > Backend API - Authentication Endpoints > Security Tests
chromium	backend-conversations.spec.ts	failed	2	0	CONV-001: should list all conversations (empty list is OK)	backend-conversations.spec.ts > Backend API - Conversation Endpoints > GET /api/conversations
chromium	backend-conversations.spec.ts	skipped	2	0	should reject request without authentication	backend-conversations.spec.ts > Backend API - Conversation Endpoints > GET /api/conversations
chromium	backend-conversations.spec.ts	skipped	2	0	should support pagination parameters	backend-conversations.spec.ts > Backend API - Conversation Endpoints > GET /api/conversations
chromium	backend-conversations.spec.ts	skipped	2	0	should support channel filter	backend-conversations.spec.ts > Backend API - Conversation Endpoints > GET /api/conversations
chromium	backend-conversations.spec.ts	skipped	2	0	should support status filter	backend-conversations.spec.ts > Backend API - Conversation Endpoints > GET /api/conversations
chromium	backend-conversations.spec.ts	skipped	2	0	should support priority filter	backend-conversations.spec.ts > Backend API - Conversation Endpoints > GET /api/conversations
chromium	backend-conversations.spec.ts	skipped	2	0	should support sorting by lastActivity	backend-conversations.spec.ts > Backend API - Conversation Endpoints > GET /api/conversations
chromium	backend-conversations.spec.ts	skipped	2	0	should support combined filters	backend-conversations.spec.ts > Backend API - Conversation Endpoints > GET /api/conversations
chromium	backend-conversations.spec.ts	skipped	2	0	should reject invalid pagination values	backend-conversations.spec.ts > Backend API - Conversation Endpoints > GET /api/conversations
chromium	backend-conversations.spec.ts	skipped	2	0	should enforce maximum limit (100)	backend-conversations.spec.ts > Backend API - Conversation Endpoints > GET /api/conversations
firefox	backend-conversations.spec.ts	failed	2	0	CONV-001: should list all conversations (empty list is OK)	backend-conversations.spec.ts > Backend API - Conversation Endpoints > GET /api/conversations
firefox	backend-conversations.spec.ts	skipped	2	0	should reject request without authentication	backend-conversations.spec.ts > Backend API - Conversation Endpoints > GET /api/conversations
firefox	backend-conversations.spec.ts	skipped	2	0	should support pagination parameters	backend-conversations.spec.ts > Backend API - Conversation Endpoints > GET /api/conversations
firefox	backend-conversations.spec.ts	skipped	2	0	should support channel filter	backend-conversations.spec.ts > Backend API - Conversation Endpoints > GET /api/conversations
firefox	backend-conversations.spec.ts	skipped	2	0	should support status filter	backend-conversations.spec.ts > Backend API - Conversation Endpoints > GET /api/conversations
firefox	backend-conversations.spec.ts	skipped	2	0	should support priority filter	backend-conversations.spec.ts > Backend API - Conversation Endpoints > GET /api/conversations
firefox	backend-conversations.spec.ts	skipped	2	0	should support sorting by lastActivity	backend-conversations.spec.ts > Backend API - Conversation Endpoints > GET /api/conversations
firefox	backend-conversations.spec.ts	skipped	2	0	should support combined filters	backend-conversations.spec.ts > Backend API - Conversation Endpoints > GET /api/conversations
firefox	backend-conversations.spec.ts	skipped	2	0	should reject invalid pagination values	backend-conversations.spec.ts > Backend API - Conversation Endpoints > GET /api/conversations
firefox	backend-conversations.spec.ts	skipped	2	0	should enforce maximum limit (100)	backend-conversations.spec.ts > Backend API - Conversation Endpoints > GET /api/conversations
webkit	backend-conversations.spec.ts	failed	2	0	CONV-001: should list all conversations (empty list is OK)	backend-conversations.spec.ts > Backend API - Conversation Endpoints > GET /api/conversations
webkit	backend-conversations.spec.ts	skipped	2	0	should reject request without authentication	backend-conversations.spec.ts > Backend API - Conversation Endpoints > GET /api/conversations
webkit	backend-conversations.spec.ts	skipped	2	0	should support pagination parameters	backend-conversations.spec.ts > Backend API - Conversation Endpoints > GET /api/conversations
webkit	backend-conversations.spec.ts	skipped	2	0	should support channel filter	backend-conversations.spec.ts > Backend API - Conversation Endpoints > GET /api/conversations
webkit	backend-conversations.spec.ts	skipped	2	0	should support status filter	backend-conversations.spec.ts > Backend API - Conversation Endpoints > GET /api/conversations
webkit	backend-conversations.spec.ts	skipped	2	0	should support priority filter	backend-conversations.spec.ts > Backend API - Conversation Endpoints > GET /api/conversations
webkit	backend-conversations.spec.ts	skipped	2	0	should support sorting by lastActivity	backend-conversations.spec.ts > Backend API - Conversation Endpoints > GET /api/conversations
webkit	backend-conversations.spec.ts	skipped	2	0	should support combined filters	backend-conversations.spec.ts > Backend API - Conversation Endpoints > GET /api/conversations
webkit	backend-conversations.spec.ts	skipped	2	0	should reject invalid pagination values	backend-conversations.spec.ts > Backend API - Conversation Endpoints > GET /api/conversations
webkit	backend-conversations.spec.ts	skipped	2	0	should enforce maximum limit (100)	backend-conversations.spec.ts > Backend API - Conversation Endpoints > GET /api/conversations
chromium	backend-conversations.spec.ts	failed	2	0	should return 404 for non-existent conversation	backend-conversations.spec.ts > Backend API - Conversation Endpoints > GET /api/conversations/:id
chromium	backend-conversations.spec.ts	skipped	2	0	should reject request without authentication	backend-conversations.spec.ts > Backend API - Conversation Endpoints > GET /api/conversations/:id
chromium	backend-conversations.spec.ts	skipped	2	0	should reject invalid conversation ID format	backend-conversations.spec.ts > Backend API - Conversation Endpoints > GET /api/conversations/:id
firefox	backend-conversations.spec.ts	failed	2	0	should return 404 for non-existent conversation	backend-conversations.spec.ts > Backend API - Conversation Endpoints > GET /api/conversations/:id
firefox	backend-conversations.spec.ts	skipped	2	0	should reject request without authentication	backend-conversations.spec.ts > Backend API - Conversation Endpoints > GET /api/conversations/:id
firefox	backend-conversations.spec.ts	skipped	2	0	should reject invalid conversation ID format	backend-conversations.spec.ts > Backend API - Conversation Endpoints > GET /api/conversations/:id
webkit	backend-conversations.spec.ts	failed	2	0	should return 404 for non-existent conversation	backend-conversations.spec.ts > Backend API - Conversation Endpoints > GET /api/conversations/:id
webkit	backend-conversations.spec.ts	skipped	2	0	should reject request without authentication	backend-conversations.spec.ts > Backend API - Conversation Endpoints > GET /api/conversations/:id
webkit	backend-conversations.spec.ts	skipped	2	0	should reject invalid conversation ID format	backend-conversations.spec.ts > Backend API - Conversation Endpoints > GET /api/conversations/:id
chromium	backend-conversations.spec.ts	skipped	2	0	should reject update without authentication	backend-conversations.spec.ts > Backend API - Conversation Endpoints > PATCH /api/conversations/:id/status
chromium	backend-conversations.spec.ts	skipped	2	0	should reject invalid status value	backend-conversations.spec.ts > Backend API - Conversation Endpoints > PATCH /api/conversations/:id/status
chromium	backend-conversations.spec.ts	skipped	2	0	should reject missing status field	backend-conversations.spec.ts > Backend API - Conversation Endpoints > PATCH /api/conversations/:id/status
chromium	backend-conversations.spec.ts	skipped	2	0	should accept valid status values (open, pending, resolved)	backend-conversations.spec.ts > Backend API - Conversation Endpoints > PATCH /api/conversations/:id/status
firefox	backend-conversations.spec.ts	skipped	2	0	should reject update without authentication	backend-conversations.spec.ts > Backend API - Conversation Endpoints > PATCH /api/conversations/:id/status
firefox	backend-conversations.spec.ts	skipped	2	0	should reject invalid status value	backend-conversations.spec.ts > Backend API - Conversation Endpoints > PATCH /api/conversations/:id/status
firefox	backend-conversations.spec.ts	skipped	2	0	should reject missing status field	backend-conversations.spec.ts > Backend API - Conversation Endpoints > PATCH /api/conversations/:id/status
firefox	backend-conversations.spec.ts	skipped	2	0	should accept valid status values (open, pending, resolved)	backend-conversations.spec.ts > Backend API - Conversation Endpoints > PATCH /api/conversations/:id/status
webkit	backend-conversations.spec.ts	skipped	2	0	should reject update without authentication	backend-conversations.spec.ts > Backend API - Conversation Endpoints > PATCH /api/conversations/:id/status
webkit	backend-conversations.spec.ts	skipped	2	0	should reject invalid status value	backend-conversations.spec.ts > Backend API - Conversation Endpoints > PATCH /api/conversations/:id/status
webkit	backend-conversations.spec.ts	skipped	2	0	should reject missing status field	backend-conversations.spec.ts > Backend API - Conversation Endpoints > PATCH /api/conversations/:id/status
webkit	backend-conversations.spec.ts	skipped	2	0	should accept valid status values (open, pending, resolved)	backend-conversations.spec.ts > Backend API - Conversation Endpoints > PATCH /api/conversations/:id/status
chromium	backend-conversations.spec.ts	skipped	2	0	should reject update without authentication	backend-conversations.spec.ts > Backend API - Conversation Endpoints > PATCH /api/conversations/:id/priority
chromium	backend-conversations.spec.ts	skipped	2	0	should reject invalid priority value	backend-conversations.spec.ts > Backend API - Conversation Endpoints > PATCH /api/conversations/:id/priority
chromium	backend-conversations.spec.ts	skipped	2	0	should accept valid priority values (low, normal, high, urgent)	backend-conversations.spec.ts > Backend API - Conversation Endpoints > PATCH /api/conversations/:id/priority
firefox	backend-conversations.spec.ts	skipped	2	0	should reject update without authentication	backend-conversations.spec.ts > Backend API - Conversation Endpoints > PATCH /api/conversations/:id/priority
firefox	backend-conversations.spec.ts	skipped	2	0	should reject invalid priority value	backend-conversations.spec.ts > Backend API - Conversation Endpoints > PATCH /api/conversations/:id/priority
firefox	backend-conversations.spec.ts	skipped	2	0	should accept valid priority values (low, normal, high, urgent)	backend-conversations.spec.ts > Backend API - Conversation Endpoints > PATCH /api/conversations/:id/priority
webkit	backend-conversations.spec.ts	skipped	2	0	should reject update without authentication	backend-conversations.spec.ts > Backend API - Conversation Endpoints > PATCH /api/conversations/:id/priority
webkit	backend-conversations.spec.ts	skipped	2	0	should reject invalid priority value	backend-conversations.spec.ts > Backend API - Conversation Endpoints > PATCH /api/conversations/:id/priority
webkit	backend-conversations.spec.ts	skipped	2	0	should accept valid priority values (low, normal, high, urgent)	backend-conversations.spec.ts > Backend API - Conversation Endpoints > PATCH /api/conversations/:id/priority
chromium	backend-conversations.spec.ts	failed	2	1	should reject assignment without authentication	backend-conversations.spec.ts > Backend API - Conversation Endpoints > PATCH /api/conversations/:id/assign
chromium	backend-conversations.spec.ts	skipped	2	0	should accept null to unassign conversation	backend-conversations.spec.ts > Backend API - Conversation Endpoints > PATCH /api/conversations/:id/assign
chromium	backend-conversations.spec.ts	skipped	2	0	should reject invalid user ID	backend-conversations.spec.ts > Backend API - Conversation Endpoints > PATCH /api/conversations/:id/assign
chromium	backend-conversations.spec.ts	skipped	2	0	should reject assignment to non-existent user	backend-conversations.spec.ts > Backend API - Conversation Endpoints > PATCH /api/conversations/:id/assign
firefox	backend-conversations.spec.ts	failed	2	1	should reject assignment without authentication	backend-conversations.spec.ts > Backend API - Conversation Endpoints > PATCH /api/conversations/:id/assign
firefox	backend-conversations.spec.ts	skipped	2	0	should accept null to unassign conversation	backend-conversations.spec.ts > Backend API - Conversation Endpoints > PATCH /api/conversations/:id/assign
firefox	backend-conversations.spec.ts	skipped	2	0	should reject invalid user ID	backend-conversations.spec.ts > Backend API - Conversation Endpoints > PATCH /api/conversations/:id/assign
firefox	backend-conversations.spec.ts	skipped	2	0	should reject assignment to non-existent user	backend-conversations.spec.ts > Backend API - Conversation Endpoints > PATCH /api/conversations/:id/assign
webkit	backend-conversations.spec.ts	failed	2	0	should reject assignment without authentication	backend-conversations.spec.ts > Backend API - Conversation Endpoints > PATCH /api/conversations/:id/assign
webkit	backend-conversations.spec.ts	skipped	2	0	should accept null to unassign conversation	backend-conversations.spec.ts > Backend API - Conversation Endpoints > PATCH /api/conversations/:id/assign
webkit	backend-conversations.spec.ts	skipped	2	0	should reject invalid user ID	backend-conversations.spec.ts > Backend API - Conversation Endpoints > PATCH /api/conversations/:id/assign
webkit	backend-conversations.spec.ts	skipped	2	0	should reject assignment to non-existent user	backend-conversations.spec.ts > Backend API - Conversation Endpoints > PATCH /api/conversations/:id/assign
chromium	backend-conversations.spec.ts	skipped	2	0	should reject tag addition without authentication	backend-conversations.spec.ts > Backend API - Conversation Endpoints > POST /api/conversations/:id/tags
chromium	backend-conversations.spec.ts	skipped	2	0	should reject missing tagId field	backend-conversations.spec.ts > Backend API - Conversation Endpoints > POST /api/conversations/:id/tags
chromium	backend-conversations.spec.ts	skipped	2	0	should reject invalid tagId format	backend-conversations.spec.ts > Backend API - Conversation Endpoints > POST /api/conversations/:id/tags
chromium	backend-conversations.spec.ts	skipped	2	0	should reject non-existent tag	backend-conversations.spec.ts > Backend API - Conversation Endpoints > POST /api/conversations/:id/tags
firefox	backend-conversations.spec.ts	skipped	2	0	should reject tag addition without authentication	backend-conversations.spec.ts > Backend API - Conversation Endpoints > POST /api/conversations/:id/tags
firefox	backend-conversations.spec.ts	skipped	2	0	should reject missing tagId field	backend-conversations.spec.ts > Backend API - Conversation Endpoints > POST /api/conversations/:id/tags
firefox	backend-conversations.spec.ts	skipped	2	0	should reject invalid tagId format	backend-conversations.spec.ts > Backend API - Conversation Endpoints > POST /api/conversations/:id/tags
firefox	backend-conversations.spec.ts	skipped	2	0	should reject non-existent tag	backend-conversations.spec.ts > Backend API - Conversation Endpoints > POST /api/conversations/:id/tags
webkit	backend-conversations.spec.ts	skipped	2	0	should reject tag addition without authentication	backend-conversations.spec.ts > Backend API - Conversation Endpoints > POST /api/conversations/:id/tags
webkit	backend-conversations.spec.ts	skipped	2	0	should reject missing tagId field	backend-conversations.spec.ts > Backend API - Conversation Endpoints > POST /api/conversations/:id/tags
webkit	backend-conversations.spec.ts	skipped	2	0	should reject invalid tagId format	backend-conversations.spec.ts > Backend API - Conversation Endpoints > POST /api/conversations/:id/tags
webkit	backend-conversations.spec.ts	skipped	2	0	should reject non-existent tag	backend-conversations.spec.ts > Backend API - Conversation Endpoints > POST /api/conversations/:id/tags
chromium	backend-conversations.spec.ts	skipped	2	0	should reject tag removal without authentication	backend-conversations.spec.ts > Backend API - Conversation Endpoints > DELETE /api/conversations/:id/tags/:tagId
chromium	backend-conversations.spec.ts	skipped	2	0	should return 404 for non-existent conversation	backend-conversations.spec.ts > Backend API - Conversation Endpoints > DELETE /api/conversations/:id/tags/:tagId
chromium	backend-conversations.spec.ts	failed	2	0	should return 404 for non-existent tag	backend-conversations.spec.ts > Backend API - Conversation Endpoints > DELETE /api/conversations/:id/tags/:tagId
chromium	backend-conversations.spec.ts	skipped	2	0	should reject invalid tag ID format	backend-conversations.spec.ts > Backend API - Conversation Endpoints > DELETE /api/conversations/:id/tags/:tagId
firefox	backend-conversations.spec.ts	skipped	2	0	should reject tag removal without authentication	backend-conversations.spec.ts > Backend API - Conversation Endpoints > DELETE /api/conversations/:id/tags/:tagId
firefox	backend-conversations.spec.ts	skipped	2	0	should return 404 for non-existent conversation	backend-conversations.spec.ts > Backend API - Conversation Endpoints > DELETE /api/conversations/:id/tags/:tagId
firefox	backend-conversations.spec.ts	failed	2	0	should return 404 for non-existent tag	backend-conversations.spec.ts > Backend API - Conversation Endpoints > DELETE /api/conversations/:id/tags/:tagId
firefox	backend-conversations.spec.ts	skipped	2	0	should reject invalid tag ID format	backend-conversations.spec.ts > Backend API - Conversation Endpoints > DELETE /api/conversations/:id/tags/:tagId
webkit	backend-conversations.spec.ts	skipped	2	0	should reject tag removal without authentication	backend-conversations.spec.ts > Backend API - Conversation Endpoints > DELETE /api/conversations/:id/tags/:tagId
webkit	backend-conversations.spec.ts	skipped	2	0	should return 404 for non-existent conversation	backend-conversations.spec.ts > Backend API - Conversation Endpoints > DELETE /api/conversations/:id/tags/:tagId
webkit	backend-conversations.spec.ts	failed	2	0	should return 404 for non-existent tag	backend-conversations.spec.ts > Backend API - Conversation Endpoints > DELETE /api/conversations/:id/tags/:tagId
webkit	backend-conversations.spec.ts	skipped	2	0	should reject invalid tag ID format	backend-conversations.spec.ts > Backend API - Conversation Endpoints > DELETE /api/conversations/:id/tags/:tagId
chromium	backend-conversations.spec.ts	skipped	2	0	should return consistent success response format	backend-conversations.spec.ts > Backend API - Conversation Endpoints > Response Format Validation
chromium	backend-conversations.spec.ts	skipped	2	0	should return consistent error response format	backend-conversations.spec.ts > Backend API - Conversation Endpoints > Response Format Validation
chromium	backend-conversations.spec.ts	skipped	2	0	should include conversation metadata in list response	backend-conversations.spec.ts > Backend API - Conversation Endpoints > Response Format Validation
firefox	backend-conversations.spec.ts	skipped	2	0	should return consistent success response format	backend-conversations.spec.ts > Backend API - Conversation Endpoints > Response Format Validation
firefox	backend-conversations.spec.ts	skipped	2	0	should return consistent error response format	backend-conversations.spec.ts > Backend API - Conversation Endpoints > Response Format Validation
firefox	backend-conversations.spec.ts	skipped	2	0	should include conversation metadata in list response	backend-conversations.spec.ts > Backend API - Conversation Endpoints > Response Format Validation
webkit	backend-conversations.spec.ts	skipped	2	0	should return consistent success response format	backend-conversations.spec.ts > Backend API - Conversation Endpoints > Response Format Validation
webkit	backend-conversations.spec.ts	skipped	2	0	should return consistent error response format	backend-conversations.spec.ts > Backend API - Conversation Endpoints > Response Format Validation
webkit	backend-conversations.spec.ts	skipped	2	0	should include conversation metadata in list response	backend-conversations.spec.ts > Backend API - Conversation Endpoints > Response Format Validation
chromium	backend-conversations.spec.ts	skipped	2	0	should respond within acceptable time (<1 second)	backend-conversations.spec.ts > Backend API - Conversation Endpoints > Performance & Limits
chromium	backend-conversations.spec.ts	skipped	2	0	should handle large page numbers gracefully	backend-conversations.spec.ts > Backend API - Conversation Endpoints > Performance & Limits
firefox	backend-conversations.spec.ts	skipped	2	0	should respond within acceptable time (<1 second)	backend-conversations.spec.ts > Backend API - Conversation Endpoints > Performance & Limits
firefox	backend-conversations.spec.ts	skipped	2	0	should handle large page numbers gracefully	backend-conversations.spec.ts > Backend API - Conversation Endpoints > Performance & Limits
webkit	backend-conversations.spec.ts	skipped	2	0	should respond within acceptable time (<1 second)	backend-conversations.spec.ts > Backend API - Conversation Endpoints > Performance & Limits
webkit	backend-conversations.spec.ts	skipped	2	0	should handle large page numbers gracefully	backend-conversations.spec.ts > Backend API - Conversation Endpoints > Performance & Limits
chromium	backend-conversations.spec.ts	skipped	2	0	should validate enum values for channel filter	backend-conversations.spec.ts > Backend API - Conversation Endpoints > Data Validation
chromium	backend-conversations.spec.ts	skipped	2	0	should validate enum values for status filter	backend-conversations.spec.ts > Backend API - Conversation Endpoints > Data Validation
chromium	backend-conversations.spec.ts	skipped	2	0	should validate enum values for priority filter	backend-conversations.spec.ts > Backend API - Conversation Endpoints > Data Validation
firefox	backend-conversations.spec.ts	skipped	2	0	should validate enum values for channel filter	backend-conversations.spec.ts > Backend API - Conversation Endpoints > Data Validation
firefox	backend-conversations.spec.ts	skipped	2	0	should validate enum values for status filter	backend-conversations.spec.ts > Backend API - Conversation Endpoints > Data Validation
firefox	backend-conversations.spec.ts	skipped	2	0	should validate enum values for priority filter	backend-conversations.spec.ts > Backend API - Conversation Endpoints > Data Validation
webkit	backend-conversations.spec.ts	skipped	2	0	should validate enum values for channel filter	backend-conversations.spec.ts > Backend API - Conversation Endpoints > Data Validation
webkit	backend-conversations.spec.ts	skipped	2	0	should validate enum values for status filter	backend-conversations.spec.ts > Backend API - Conversation Endpoints > Data Validation
webkit	backend-conversations.spec.ts	skipped	2	0	should validate enum values for priority filter	backend-conversations.spec.ts > Backend API - Conversation Endpoints > Data Validation
chromium	backend-regression.spec.ts	failed	2	199	should complete full login and inbox load workflow	backend-regression.spec.ts > Backend Phase 1 - Regression Test Suite > 🔴 REGR_001: Login + Inbox Load (CRITICAL)
chromium	backend-regression.spec.ts	failed	2	219	should handle login failure gracefully	backend-regression.spec.ts > Backend Phase 1 - Regression Test Suite > 🔴 REGR_001: Login + Inbox Load (CRITICAL)
chromium	backend-regression.spec.ts	passed	0	65	should prevent inbox access without authentication	backend-regression.spec.ts > Backend Phase 1 - Regression Test Suite > 🔴 REGR_001: Login + Inbox Load (CRITICAL)
firefox	backend-regression.spec.ts	failed	2	183	should complete full login and inbox load workflow	backend-regression.spec.ts > Backend Phase 1 - Regression Test Suite > 🔴 REGR_001: Login + Inbox Load (CRITICAL)
firefox	backend-regression.spec.ts	failed	2	192	should handle login failure gracefully	backend-regression.spec.ts > Backend Phase 1 - Regression Test Suite > 🔴 REGR_001: Login + Inbox Load (CRITICAL)
firefox	backend-regression.spec.ts	passed	0	58	should prevent inbox access without authentication	backend-regression.spec.ts > Backend Phase 1 - Regression Test Suite > 🔴 REGR_001: Login + Inbox Load (CRITICAL)
webkit	backend-regression.spec.ts	failed	2	183	should complete full login and inbox load workflow	backend-regression.spec.ts > Backend Phase 1 - Regression Test Suite > 🔴 REGR_001: Login + Inbox Load (CRITICAL)
webkit	backend-regression.spec.ts	failed	2	198	should handle login failure gracefully	backend-regression.spec.ts > Backend Phase 1 - Regression Test Suite > 🔴 REGR_001: Login + Inbox Load (CRITICAL)
webkit	backend-regression.spec.ts	passed	0	46	should prevent inbox access without authentication	backend-regression.spec.ts > Backend Phase 1 - Regression Test Suite > 🔴 REGR_001: Login + Inbox Load (CRITICAL)
chromium	backend-regression.spec.ts	failed	2	1	should query audit logs with filters	backend-regression.spec.ts > Backend Phase 1 - Regression Test Suite > 🟠 REGR_010: Audit Log Query (IMPORTANT)
chromium	backend-regression.spec.ts	skipped	2	0	should query audit logs with pagination	backend-regression.spec.ts > Backend Phase 1 - Regression Test Suite > 🟠 REGR_010: Audit Log Query (IMPORTANT)
chromium	backend-regression.spec.ts	failed	2	0	should query audit logs by date range	backend-regression.spec.ts > Backend Phase 1 - Regression Test Suite > 🟠 REGR_010: Audit Log Query (IMPORTANT)
chromium	backend-regression.spec.ts	skipped	2	0	should enforce role-based access to audit logs	backend-regression.spec.ts > Backend Phase 1 - Regression Test Suite > 🟠 REGR_010: Audit Log Query (IMPORTANT)
firefox	backend-regression.spec.ts	failed	2	0	should query audit logs with filters	backend-regression.spec.ts > Backend Phase 1 - Regression Test Suite > 🟠 REGR_010: Audit Log Query (IMPORTANT)
firefox	backend-regression.spec.ts	skipped	2	0	should query audit logs with pagination	backend-regression.spec.ts > Backend Phase 1 - Regression Test Suite > 🟠 REGR_010: Audit Log Query (IMPORTANT)
firefox	backend-regression.spec.ts	failed	2	0	should query audit logs by date range	backend-regression.spec.ts > Backend Phase 1 - Regression Test Suite > 🟠 REGR_010: Audit Log Query (IMPORTANT)
firefox	backend-regression.spec.ts	skipped	2	0	should enforce role-based access to audit logs	backend-regression.spec.ts > Backend Phase 1 - Regression Test Suite > 🟠 REGR_010: Audit Log Query (IMPORTANT)
webkit	backend-regression.spec.ts	failed	2	3	should query audit logs with filters	backend-regression.spec.ts > Backend Phase 1 - Regression Test Suite > 🟠 REGR_010: Audit Log Query (IMPORTANT)
webkit	backend-regression.spec.ts	skipped	2	0	should query audit logs with pagination	backend-regression.spec.ts > Backend Phase 1 - Regression Test Suite > 🟠 REGR_010: Audit Log Query (IMPORTANT)
webkit	backend-regression.spec.ts	failed	2	0	should query audit logs by date range	backend-regression.spec.ts > Backend Phase 1 - Regression Test Suite > 🟠 REGR_010: Audit Log Query (IMPORTANT)
webkit	backend-regression.spec.ts	skipped	2	0	should enforce role-based access to audit logs	backend-regression.spec.ts > Backend Phase 1 - Regression Test Suite > 🟠 REGR_010: Audit Log Query (IMPORTANT)
chromium	backend-regression.spec.ts	failed	2	231	should complete full user journey: register → login → access resources → logout	backend-regression.spec.ts > Backend Phase 1 - Regression Test Suite > End-to-End Critical Path
firefox	backend-regression.spec.ts	failed	2	212	should complete full user journey: register → login → access resources → logout	backend-regression.spec.ts > Backend Phase 1 - Regression Test Suite > End-to-End Critical Path
webkit	backend-regression.spec.ts	failed	2	200	should complete full user journey: register → login → access resources → logout	backend-regression.spec.ts > Backend Phase 1 - Regression Test Suite > End-to-End Critical Path
chromium	backend-regression.spec.ts	failed	2	219	should handle rapid successive requests	backend-regression.spec.ts > Backend Phase 1 - Regression Test Suite > Error Recovery & Edge Cases
chromium	backend-regression.spec.ts	failed	2	182	should handle malformed requests gracefully	backend-regression.spec.ts > Backend Phase 1 - Regression Test Suite > Error Recovery & Edge Cases
chromium	backend-regression.spec.ts	failed	2	217	should handle concurrent user registrations	backend-regression.spec.ts > Backend Phase 1 - Regression Test Suite > Error Recovery & Edge Cases
firefox	backend-regression.spec.ts	failed	2	186	should handle rapid successive requests	backend-regression.spec.ts > Backend Phase 1 - Regression Test Suite > Error Recovery & Edge Cases
firefox	backend-regression.spec.ts	failed	2	201	should handle malformed requests gracefully	backend-regression.spec.ts > Backend Phase 1 - Regression Test Suite > Error Recovery & Edge Cases
firefox	backend-regression.spec.ts	failed	2	244	should handle concurrent user registrations	backend-regression.spec.ts > Backend Phase 1 - Regression Test Suite > Error Recovery & Edge Cases
webkit	backend-regression.spec.ts	failed	2	226	should handle rapid successive requests	backend-regression.spec.ts > Backend Phase 1 - Regression Test Suite > Error Recovery & Edge Cases
webkit	backend-regression.spec.ts	failed	2	171	should handle malformed requests gracefully	backend-regression.spec.ts > Backend Phase 1 - Regression Test Suite > Error Recovery & Edge Cases
webkit	backend-regression.spec.ts	failed	2	278	should handle concurrent user registrations	backend-regression.spec.ts > Backend Phase 1 - Regression Test Suite > Error Recovery & Edge Cases
chromium	backend-regression.spec.ts	failed	2	185	should maintain data consistency across requests	backend-regression.spec.ts > Backend Phase 1 - Regression Test Suite > Data Integrity & Validation
chromium	backend-regression.spec.ts	failed	2	239	should validate all enum fields	backend-regression.spec.ts > Backend Phase 1 - Regression Test Suite > Data Integrity & Validation
firefox	backend-regression.spec.ts	failed	2	171	should maintain data consistency across requests	backend-regression.spec.ts > Backend Phase 1 - Regression Test Suite > Data Integrity & Validation
firefox	backend-regression.spec.ts	failed	2	191	should validate all enum fields	backend-regression.spec.ts > Backend Phase 1 - Regression Test Suite > Data Integrity & Validation
webkit	backend-regression.spec.ts	failed	2	173	should maintain data consistency across requests	backend-regression.spec.ts > Backend Phase 1 - Regression Test Suite > Data Integrity & Validation
webkit	backend-regression.spec.ts	failed	2	216	should validate all enum fields	backend-regression.spec.ts > Backend Phase 1 - Regression Test Suite > Data Integrity & Validation
chromium	backend-regression.spec.ts	failed	2	0	auth endpoints should respond within 500ms	backend-regression.spec.ts > Backend Phase 1 - Regression Test Suite > Performance Benchmarks
chromium	backend-regression.spec.ts	skipped	2	0	conversations list should respond within 1 second	backend-regression.spec.ts > Backend Phase 1 - Regression Test Suite > Performance Benchmarks
chromium	backend-regression.spec.ts	failed	2	0	audit logs should respond within 1 second	backend-regression.spec.ts > Backend Phase 1 - Regression Test Suite > Performance Benchmarks
firefox	backend-regression.spec.ts	failed	2	2	auth endpoints should respond within 500ms	backend-regression.spec.ts > Backend Phase 1 - Regression Test Suite > Performance Benchmarks
firefox	backend-regression.spec.ts	skipped	2	0	conversations list should respond within 1 second	backend-regression.spec.ts > Backend Phase 1 - Regression Test Suite > Performance Benchmarks
firefox	backend-regression.spec.ts	failed	2	1	audit logs should respond within 1 second	backend-regression.spec.ts > Backend Phase 1 - Regression Test Suite > Performance Benchmarks
webkit	backend-regression.spec.ts	failed	2	0	auth endpoints should respond within 500ms	backend-regression.spec.ts > Backend Phase 1 - Regression Test Suite > Performance Benchmarks
webkit	backend-regression.spec.ts	skipped	2	0	conversations list should respond within 1 second	backend-regression.spec.ts > Backend Phase 1 - Regression Test Suite > Performance Benchmarks
webkit	backend-regression.spec.ts	failed	2	0	audit logs should respond within 1 second	backend-regression.spec.ts > Backend Phase 1 - Regression Test Suite > Performance Benchmarks
chromium	backend-regression.spec.ts	passed	0	85	should prevent SQL injection in all endpoints	backend-regression.spec.ts > Backend Phase 1 - Regression Test Suite > Security Regression Tests
chromium	backend-regression.spec.ts	failed	2	151	should sanitize error messages (no sensitive data leakage)	backend-regression.spec.ts > Backend Phase 1 - Regression Test Suite > Security Regression Tests
chromium	backend-regression.spec.ts	failed	2	169	should never return password hashes	backend-regression.spec.ts > Backend Phase 1 - Regression Test Suite > Security Regression Tests
firefox	backend-regression.spec.ts	passed	0	93	should prevent SQL injection in all endpoints	backend-regression.spec.ts > Backend Phase 1 - Regression Test Suite > Security Regression Tests
firefox	backend-regression.spec.ts	failed	2	216	should sanitize error messages (no sensitive data leakage)	backend-regression.spec.ts > Backend Phase 1 - Regression Test Suite > Security Regression Tests
firefox	backend-regression.spec.ts	failed	2	183	should never return password hashes	backend-regression.spec.ts > Backend Phase 1 - Regression Test Suite > Security Regression Tests
webkit	backend-regression.spec.ts	passed	0	89	should prevent SQL injection in all endpoints	backend-regression.spec.ts > Backend Phase 1 - Regression Test Suite > Security Regression Tests
webkit	backend-regression.spec.ts	failed	2	192	should sanitize error messages (no sensitive data leakage)	backend-regression.spec.ts > Backend Phase 1 - Regression Test Suite > Security Regression Tests
webkit	backend-regression.spec.ts	failed	2	161	should never return password hashes	backend-regression.spec.ts > Backend Phase 1 - Regression Test Suite > Security Regression Tests
chromium	conversation-detail.spec.ts	timedOut	2	90085	Conversation detail view (Super Admin)	conversation-detail.spec.ts
chromium	conversation-detail.spec.ts	timedOut	2	90093	Conversation detail view (Admin)	conversation-detail.spec.ts
chromium	conversation-detail.spec.ts	timedOut	2	90096	Conversation detail view (Manager)	conversation-detail.spec.ts
chromium	conversation-detail.spec.ts	timedOut	2	90082	Conversation detail view (User)	conversation-detail.spec.ts
firefox	conversation-detail.spec.ts	timedOut	2	90235	Conversation detail view (Super Admin)	conversation-detail.spec.ts
firefox	conversation-detail.spec.ts	timedOut	2	90277	Conversation detail view (Admin)	conversation-detail.spec.ts
firefox	conversation-detail.spec.ts	timedOut	2	90356	Conversation detail view (Manager)	conversation-detail.spec.ts
firefox	conversation-detail.spec.ts	timedOut	2	90373	Conversation detail view (User)	conversation-detail.spec.ts
webkit	conversation-detail.spec.ts	timedOut	2	90084	Conversation detail view (Super Admin)	conversation-detail.spec.ts
webkit	conversation-detail.spec.ts	timedOut	2	90115	Conversation detail view (Admin)	conversation-detail.spec.ts
webkit	conversation-detail.spec.ts	timedOut	2	90125	Conversation detail view (Manager)	conversation-detail.spec.ts
webkit	conversation-detail.spec.ts	timedOut	2	90112	Conversation detail view (User)	conversation-detail.spec.ts
chromium	fe-002-login-ui.spec.ts	failed	2	17183	should display login form with all required fields	fe-002-login-ui.spec.ts > FE-002: Login/Logout UI Components > Login Form Rendering
chromium	fe-002-login-ui.spec.ts	passed	0	690	should have proper form labels for accessibility	fe-002-login-ui.spec.ts > FE-002: Login/Logout UI Components > Login Form Rendering
firefox	fe-002-login-ui.spec.ts	failed	2	20063	should display login form with all required fields	fe-002-login-ui.spec.ts > FE-002: Login/Logout UI Components > Login Form Rendering
firefox	fe-002-login-ui.spec.ts	passed	0	1499	should have proper form labels for accessibility	fe-002-login-ui.spec.ts > FE-002: Login/Logout UI Components > Login Form Rendering
webkit	fe-002-login-ui.spec.ts	failed	2	17604	should display login form with all required fields	fe-002-login-ui.spec.ts > FE-002: Login/Logout UI Components > Login Form Rendering
webkit	fe-002-login-ui.spec.ts	passed	0	821	should have proper form labels for accessibility	fe-002-login-ui.spec.ts > FE-002: Login/Logout UI Components > Login Form Rendering
chromium	fe-002-login-ui.spec.ts	failed	2	17406	should require email field	fe-002-login-ui.spec.ts > FE-002: Login/Logout UI Components > Form Validation - Client Side
chromium	fe-002-login-ui.spec.ts	failed	2	17378	should require password field	fe-002-login-ui.spec.ts > FE-002: Login/Logout UI Components > Form Validation - Client Side
chromium	fe-002-login-ui.spec.ts	failed	2	17215	should validate email format	fe-002-login-ui.spec.ts > FE-002: Login/Logout UI Components > Form Validation - Client Side
chromium	fe-002-login-ui.spec.ts	failed	2	18200	should validate password minimum length	fe-002-login-ui.spec.ts > FE-002: Login/Logout UI Components > Form Validation - Client Side
chromium	fe-002-login-ui.spec.ts	passed	0	713	should enable submit button when form is valid	fe-002-login-ui.spec.ts > FE-002: Login/Logout UI Components > Form Validation - Client Side
chromium	fe-002-login-ui.spec.ts	failed	2	17569	should show real-time validation on input	fe-002-login-ui.spec.ts > FE-002: Login/Logout UI Components > Form Validation - Client Side
firefox	fe-002-login-ui.spec.ts	failed	2	19622	should require email field	fe-002-login-ui.spec.ts > FE-002: Login/Logout UI Components > Form Validation - Client Side
firefox	fe-002-login-ui.spec.ts	failed	2	20671	should require password field	fe-002-login-ui.spec.ts > FE-002: Login/Logout UI Components > Form Validation - Client Side
firefox	fe-002-login-ui.spec.ts	failed	2	21243	should validate email format	fe-002-login-ui.spec.ts > FE-002: Login/Logout UI Components > Form Validation - Client Side
firefox	fe-002-login-ui.spec.ts	failed	2	20298	should validate password minimum length	fe-002-login-ui.spec.ts > FE-002: Login/Logout UI Components > Form Validation - Client Side
firefox	fe-002-login-ui.spec.ts	passed	0	1651	should enable submit button when form is valid	fe-002-login-ui.spec.ts > FE-002: Login/Logout UI Components > Form Validation - Client Side
firefox	fe-002-login-ui.spec.ts	failed	2	19552	should show real-time validation on input	fe-002-login-ui.spec.ts > FE-002: Login/Logout UI Components > Form Validation - Client Side
webkit	fe-002-login-ui.spec.ts	failed	2	18033	should require email field	fe-002-login-ui.spec.ts > FE-002: Login/Logout UI Components > Form Validation - Client Side
webkit	fe-002-login-ui.spec.ts	failed	2	17812	should require password field	fe-002-login-ui.spec.ts > FE-002: Login/Logout UI Components > Form Validation - Client Side
webkit	fe-002-login-ui.spec.ts	failed	2	17971	should validate email format	fe-002-login-ui.spec.ts > FE-002: Login/Logout UI Components > Form Validation - Client Side
webkit	fe-002-login-ui.spec.ts	failed	2	17687	should validate password minimum length	fe-002-login-ui.spec.ts > FE-002: Login/Logout UI Components > Form Validation - Client Side
webkit	fe-002-login-ui.spec.ts	passed	0	870	should enable submit button when form is valid	fe-002-login-ui.spec.ts > FE-002: Login/Logout UI Components > Form Validation - Client Side
webkit	fe-002-login-ui.spec.ts	failed	2	17909	should show real-time validation on input	fe-002-login-ui.spec.ts > FE-002: Login/Logout UI Components > Form Validation - Client Side
chromium	fe-002-login-ui.spec.ts	timedOut	2	90079	should toggle password visibility	fe-002-login-ui.spec.ts > FE-002: Login/Logout UI Components > Password Visibility Toggle
chromium	fe-002-login-ui.spec.ts	failed	2	17353	should have accessible toggle button	fe-002-login-ui.spec.ts > FE-002: Login/Logout UI Components > Password Visibility Toggle
firefox	fe-002-login-ui.spec.ts	timedOut	2	90239	should toggle password visibility	fe-002-login-ui.spec.ts > FE-002: Login/Logout UI Components > Password Visibility Toggle
firefox	fe-002-login-ui.spec.ts	failed	2	20448	should have accessible toggle button	fe-002-login-ui.spec.ts > FE-002: Login/Logout UI Components > Password Visibility Toggle
webkit	fe-002-login-ui.spec.ts	timedOut	2	90138	should toggle password visibility	fe-002-login-ui.spec.ts > FE-002: Login/Logout UI Components > Password Visibility Toggle
webkit	fe-002-login-ui.spec.ts	failed	2	17707	should have accessible toggle button	fe-002-login-ui.spec.ts > FE-002: Login/Logout UI Components > Password Visibility Toggle
chromium	fe-002-login-ui.spec.ts	passed	0	781	should show loading state during form submission	fe-002-login-ui.spec.ts > FE-002: Login/Logout UI Components > Loading States
chromium	fe-002-login-ui.spec.ts	passed	0	764	should disable inputs during submission	fe-002-login-ui.spec.ts > FE-002: Login/Logout UI Components > Loading States
firefox	fe-002-login-ui.spec.ts	passed	0	1809	should show loading state during form submission	fe-002-login-ui.spec.ts > FE-002: Login/Logout UI Components > Loading States
firefox	fe-002-login-ui.spec.ts	passed	0	2154	should disable inputs during submission	fe-002-login-ui.spec.ts > FE-002: Login/Logout UI Components > Loading States
webkit	fe-002-login-ui.spec.ts	passed	0	917	should show loading state during form submission	fe-002-login-ui.spec.ts > FE-002: Login/Logout UI Components > Loading States
webkit	fe-002-login-ui.spec.ts	passed	0	915	should disable inputs during submission	fe-002-login-ui.spec.ts > FE-002: Login/Logout UI Components > Loading States
chromium	fe-002-login-ui.spec.ts	passed	0	824	should display server error messages	fe-002-login-ui.spec.ts > FE-002: Login/Logout UI Components > Error Handling
chromium	fe-002-login-ui.spec.ts	passed	0	647	should allow closing error message	fe-002-login-ui.spec.ts > FE-002: Login/Logout UI Components > Error Handling
firefox	fe-002-login-ui.spec.ts	passed	0	1080	should display server error messages	fe-002-login-ui.spec.ts > FE-002: Login/Logout UI Components > Error Handling
firefox	fe-002-login-ui.spec.ts	passed	0	934	should allow closing error message	fe-002-login-ui.spec.ts > FE-002: Login/Logout UI Components > Error Handling
webkit	fe-002-login-ui.spec.ts	passed	0	974	should display server error messages	fe-002-login-ui.spec.ts > FE-002: Login/Logout UI Components > Error Handling
webkit	fe-002-login-ui.spec.ts	passed	0	845	should allow closing error message	fe-002-login-ui.spec.ts > FE-002: Login/Logout UI Components > Error Handling
chromium	fe-002-login-ui.spec.ts	passed	0	665	should navigate to forgot password page	fe-002-login-ui.spec.ts > FE-002: Login/Logout UI Components > Navigation
chromium	fe-002-login-ui.spec.ts	passed	0	709	should navigate to sign up page	fe-002-login-ui.spec.ts > FE-002: Login/Logout UI Components > Navigation
firefox	fe-002-login-ui.spec.ts	passed	0	1196	should navigate to forgot password page	fe-002-login-ui.spec.ts > FE-002: Login/Logout UI Components > Navigation
firefox	fe-002-login-ui.spec.ts	passed	0	1660	should navigate to sign up page	fe-002-login-ui.spec.ts > FE-002: Login/Logout UI Components > Navigation
webkit	fe-002-login-ui.spec.ts	passed	0	1452	should navigate to forgot password page	fe-002-login-ui.spec.ts > FE-002: Login/Logout UI Components > Navigation
webkit	fe-002-login-ui.spec.ts	passed	0	1128	should navigate to sign up page	fe-002-login-ui.spec.ts > FE-002: Login/Logout UI Components > Navigation
chromium	fe-002-login-ui.spec.ts	failed	2	17366	should have proper ARIA attributes	fe-002-login-ui.spec.ts > FE-002: Login/Logout UI Components > Accessibility
chromium	fe-002-login-ui.spec.ts	failed	2	17353	should support keyboard navigation	fe-002-login-ui.spec.ts > FE-002: Login/Logout UI Components > Accessibility
chromium	fe-002-login-ui.spec.ts	failed	2	17272	should have sufficient color contrast	fe-002-login-ui.spec.ts > FE-002: Login/Logout UI Components > Accessibility
firefox	fe-002-login-ui.spec.ts	failed	2	20236	should have proper ARIA attributes	fe-002-login-ui.spec.ts > FE-002: Login/Logout UI Components > Accessibility
firefox	fe-002-login-ui.spec.ts	failed	2	20666	should support keyboard navigation	fe-002-login-ui.spec.ts > FE-002: Login/Logout UI Components > Accessibility
firefox	fe-002-login-ui.spec.ts	failed	2	19602	should have sufficient color contrast	fe-002-login-ui.spec.ts > FE-002: Login/Logout UI Components > Accessibility
webkit	fe-002-login-ui.spec.ts	failed	2	18506	should have proper ARIA attributes	fe-002-login-ui.spec.ts > FE-002: Login/Logout UI Components > Accessibility
webkit	fe-002-login-ui.spec.ts	failed	2	18343	should support keyboard navigation	fe-002-login-ui.spec.ts > FE-002: Login/Logout UI Components > Accessibility
webkit	fe-002-login-ui.spec.ts	failed	2	18390	should have sufficient color contrast	fe-002-login-ui.spec.ts > FE-002: Login/Logout UI Components > Accessibility
chromium	fe-002-login-ui.spec.ts	passed	0	773	should be responsive on mobile (375px)	fe-002-login-ui.spec.ts > FE-002: Login/Logout UI Components > Mobile Responsiveness
chromium	fe-002-login-ui.spec.ts	passed	0	737	should be responsive on tablet (768px)	fe-002-login-ui.spec.ts > FE-002: Login/Logout UI Components > Mobile Responsiveness
chromium	fe-002-login-ui.spec.ts	passed	0	771	should be responsive on desktop (1920px)	fe-002-login-ui.spec.ts > FE-002: Login/Logout UI Components > Mobile Responsiveness
firefox	fe-002-login-ui.spec.ts	passed	0	1710	should be responsive on mobile (375px)	fe-002-login-ui.spec.ts > FE-002: Login/Logout UI Components > Mobile Responsiveness
firefox	fe-002-login-ui.spec.ts	passed	0	2234	should be responsive on tablet (768px)	fe-002-login-ui.spec.ts > FE-002: Login/Logout UI Components > Mobile Responsiveness
firefox	fe-002-login-ui.spec.ts	passed	0	1173	should be responsive on desktop (1920px)	fe-002-login-ui.spec.ts > FE-002: Login/Logout UI Components > Mobile Responsiveness
webkit	fe-002-login-ui.spec.ts	passed	0	843	should be responsive on mobile (375px)	fe-002-login-ui.spec.ts > FE-002: Login/Logout UI Components > Mobile Responsiveness
webkit	fe-002-login-ui.spec.ts	passed	0	1189	should be responsive on tablet (768px)	fe-002-login-ui.spec.ts > FE-002: Login/Logout UI Components > Mobile Responsiveness
webkit	fe-002-login-ui.spec.ts	passed	0	919	should be responsive on desktop (1920px)	fe-002-login-ui.spec.ts > FE-002: Login/Logout UI Components > Mobile Responsiveness
chromium	fe-002-login-ui.spec.ts	passed	0	199	should have logout button in header (when logged in)	fe-002-login-ui.spec.ts > FE-002: Header with Logout
firefox	fe-002-login-ui.spec.ts	passed	0	1119	should have logout button in header (when logged in)	fe-002-login-ui.spec.ts > FE-002: Header with Logout
webkit	fe-002-login-ui.spec.ts	passed	0	496	should have logout button in header (when logged in)	fe-002-login-ui.spec.ts > FE-002: Header with Logout
chromium	fe-003-rbac-nav.spec.ts	timedOut	2	90078	should display all navigation items	fe-003-rbac-nav.spec.ts > FE-003: RBAC-Based Navigation > Super Admin Role
chromium	fe-003-rbac-nav.spec.ts	timedOut	2	90081	should allow access to /users route	fe-003-rbac-nav.spec.ts > FE-003: RBAC-Based Navigation > Super Admin Role
chromium	fe-003-rbac-nav.spec.ts	timedOut	2	90107	should allow access to /integrations route	fe-003-rbac-nav.spec.ts > FE-003: RBAC-Based Navigation > Super Admin Role
chromium	fe-003-rbac-nav.spec.ts	timedOut	2	90076	should allow access to /routing-rules route	fe-003-rbac-nav.spec.ts > FE-003: RBAC-Based Navigation > Super Admin Role
chromium	fe-003-rbac-nav.spec.ts	timedOut	2	90082	should allow access to /audit-logs route	fe-003-rbac-nav.spec.ts > FE-003: RBAC-Based Navigation > Super Admin Role
chromium	fe-003-rbac-nav.spec.ts	timedOut	2	90090	should allow access to /settings route	fe-003-rbac-nav.spec.ts > FE-003: RBAC-Based Navigation > Super Admin Role
chromium	fe-003-rbac-nav.spec.ts	timedOut	2	90089	should highlight active route	fe-003-rbac-nav.spec.ts > FE-003: RBAC-Based Navigation > Super Admin Role
firefox	fe-003-rbac-nav.spec.ts	timedOut	2	90236	should display all navigation items	fe-003-rbac-nav.spec.ts > FE-003: RBAC-Based Navigation > Super Admin Role
firefox	fe-003-rbac-nav.spec.ts	timedOut	2	90271	should allow access to /users route	fe-003-rbac-nav.spec.ts > FE-003: RBAC-Based Navigation > Super Admin Role
firefox	fe-003-rbac-nav.spec.ts	timedOut	2	90461	should allow access to /integrations route	fe-003-rbac-nav.spec.ts > FE-003: RBAC-Based Navigation > Super Admin Role
firefox	fe-003-rbac-nav.spec.ts	timedOut	2	90242	should allow access to /routing-rules route	fe-003-rbac-nav.spec.ts > FE-003: RBAC-Based Navigation > Super Admin Role
firefox	fe-003-rbac-nav.spec.ts	timedOut	2	90255	should allow access to /audit-logs route	fe-003-rbac-nav.spec.ts > FE-003: RBAC-Based Navigation > Super Admin Role
firefox	fe-003-rbac-nav.spec.ts	timedOut	2	90266	should allow access to /settings route	fe-003-rbac-nav.spec.ts > FE-003: RBAC-Based Navigation > Super Admin Role
firefox	fe-003-rbac-nav.spec.ts	timedOut	2	90314	should highlight active route	fe-003-rbac-nav.spec.ts > FE-003: RBAC-Based Navigation > Super Admin Role
webkit	fe-003-rbac-nav.spec.ts	timedOut	2	90079	should display all navigation items	fe-003-rbac-nav.spec.ts > FE-003: RBAC-Based Navigation > Super Admin Role
webkit	fe-003-rbac-nav.spec.ts	timedOut	2	90103	should allow access to /users route	fe-003-rbac-nav.spec.ts > FE-003: RBAC-Based Navigation > Super Admin Role
webkit	fe-003-rbac-nav.spec.ts	timedOut	2	90120	should allow access to /integrations route	fe-003-rbac-nav.spec.ts > FE-003: RBAC-Based Navigation > Super Admin Role
webkit	fe-003-rbac-nav.spec.ts	timedOut	2	90086	should allow access to /routing-rules route	fe-003-rbac-nav.spec.ts > FE-003: RBAC-Based Navigation > Super Admin Role
webkit	fe-003-rbac-nav.spec.ts	timedOut	2	90085	should allow access to /audit-logs route	fe-003-rbac-nav.spec.ts > FE-003: RBAC-Based Navigation > Super Admin Role
webkit	fe-003-rbac-nav.spec.ts	timedOut	2	90090	should allow access to /settings route	fe-003-rbac-nav.spec.ts > FE-003: RBAC-Based Navigation > Super Admin Role
webkit	fe-003-rbac-nav.spec.ts	timedOut	2	90091	should highlight active route	fe-003-rbac-nav.spec.ts > FE-003: RBAC-Based Navigation > Super Admin Role
chromium	fe-003-rbac-nav.spec.ts	timedOut	2	90077	should not display Users menu item	fe-003-rbac-nav.spec.ts > FE-003: RBAC-Based Navigation > Admin Role
chromium	fe-003-rbac-nav.spec.ts	timedOut	2	90094	should not display Integrations menu item	fe-003-rbac-nav.spec.ts > FE-003: RBAC-Based Navigation > Admin Role
chromium	fe-003-rbac-nav.spec.ts	timedOut	2	90131	should not display Routing Rules menu item	fe-003-rbac-nav.spec.ts > FE-003: RBAC-Based Navigation > Admin Role
chromium	fe-003-rbac-nav.spec.ts	timedOut	2	90113	should display Audit Logs menu item	fe-003-rbac-nav.spec.ts > FE-003: RBAC-Based Navigation > Admin Role
chromium	fe-003-rbac-nav.spec.ts	timedOut	2	90077	should display Settings menu item	fe-003-rbac-nav.spec.ts > FE-003: RBAC-Based Navigation > Admin Role
chromium	fe-003-rbac-nav.spec.ts	timedOut	2	90081	should allow access to /audit-logs	fe-003-rbac-nav.spec.ts > FE-003: RBAC-Based Navigation > Admin Role
chromium	fe-003-rbac-nav.spec.ts	timedOut	2	90087	should redirect to /inbox when accessing /users	fe-003-rbac-nav.spec.ts > FE-003: RBAC-Based Navigation > Admin Role
chromium	fe-003-rbac-nav.spec.ts	timedOut	2	90085	should redirect to /inbox when accessing /integrations	fe-003-rbac-nav.spec.ts > FE-003: RBAC-Based Navigation > Admin Role
chromium	fe-003-rbac-nav.spec.ts	timedOut	2	90080	should redirect to /inbox when accessing /routing-rules	fe-003-rbac-nav.spec.ts > FE-003: RBAC-Based Navigation > Admin Role
firefox	fe-003-rbac-nav.spec.ts	timedOut	2	90283	should not display Users menu item	fe-003-rbac-nav.spec.ts > FE-003: RBAC-Based Navigation > Admin Role
firefox	fe-003-rbac-nav.spec.ts	timedOut	2	90245	should not display Integrations menu item	fe-003-rbac-nav.spec.ts > FE-003: RBAC-Based Navigation > Admin Role
firefox	fe-003-rbac-nav.spec.ts	timedOut	2	90297	should not display Routing Rules menu item	fe-003-rbac-nav.spec.ts > FE-003: RBAC-Based Navigation > Admin Role
firefox	fe-003-rbac-nav.spec.ts	timedOut	2	90312	should display Audit Logs menu item	fe-003-rbac-nav.spec.ts > FE-003: RBAC-Based Navigation > Admin Role
firefox	fe-003-rbac-nav.spec.ts	timedOut	2	90289	should display Settings menu item	fe-003-rbac-nav.spec.ts > FE-003: RBAC-Based Navigation > Admin Role
firefox	fe-003-rbac-nav.spec.ts	timedOut	2	90245	should allow access to /audit-logs	fe-003-rbac-nav.spec.ts > FE-003: RBAC-Based Navigation > Admin Role
firefox	fe-003-rbac-nav.spec.ts	timedOut	2	90305	should redirect to /inbox when accessing /users	fe-003-rbac-nav.spec.ts > FE-003: RBAC-Based Navigation > Admin Role
firefox	fe-003-rbac-nav.spec.ts	timedOut	2	90349	should redirect to /inbox when accessing /integrations	fe-003-rbac-nav.spec.ts > FE-003: RBAC-Based Navigation > Admin Role
firefox	fe-003-rbac-nav.spec.ts	timedOut	2	90321	should redirect to /inbox when accessing /routing-rules	fe-003-rbac-nav.spec.ts > FE-003: RBAC-Based Navigation > Admin Role
webkit	fe-003-rbac-nav.spec.ts	timedOut	2	90091	should not display Users menu item	fe-003-rbac-nav.spec.ts > FE-003: RBAC-Based Navigation > Admin Role
webkit	fe-003-rbac-nav.spec.ts	timedOut	2	90093	should not display Integrations menu item	fe-003-rbac-nav.spec.ts > FE-003: RBAC-Based Navigation > Admin Role
webkit	fe-003-rbac-nav.spec.ts	timedOut	2	90427	should not display Routing Rules menu item	fe-003-rbac-nav.spec.ts > FE-003: RBAC-Based Navigation > Admin Role
webkit	fe-003-rbac-nav.spec.ts	timedOut	2	90365	should display Audit Logs menu item	fe-003-rbac-nav.spec.ts > FE-003: RBAC-Based Navigation > Admin Role
webkit	fe-003-rbac-nav.spec.ts	timedOut	2	90139	should display Settings menu item	fe-003-rbac-nav.spec.ts > FE-003: RBAC-Based Navigation > Admin Role
webkit	fe-003-rbac-nav.spec.ts	timedOut	2	90093	should allow access to /audit-logs	fe-003-rbac-nav.spec.ts > FE-003: RBAC-Based Navigation > Admin Role
webkit	fe-003-rbac-nav.spec.ts	timedOut	2	90101	should redirect to /inbox when accessing /users	fe-003-rbac-nav.spec.ts > FE-003: RBAC-Based Navigation > Admin Role
webkit	fe-003-rbac-nav.spec.ts	timedOut	2	90104	should redirect to /inbox when accessing /integrations	fe-003-rbac-nav.spec.ts > FE-003: RBAC-Based Navigation > Admin Role
webkit	fe-003-rbac-nav.spec.ts	timedOut	2	90080	should redirect to /inbox when accessing /routing-rules	fe-003-rbac-nav.spec.ts > FE-003: RBAC-Based Navigation > Admin Role
chromium	fe-003-rbac-nav.spec.ts	timedOut	2	90083	should only display Inbox and Audit Logs	fe-003-rbac-nav.spec.ts > FE-003: RBAC-Based Navigation > Manager Role
chromium	fe-003-rbac-nav.spec.ts	timedOut	2	90082	should redirect to /inbox when accessing /settings	fe-003-rbac-nav.spec.ts > FE-003: RBAC-Based Navigation > Manager Role
chromium	fe-003-rbac-nav.spec.ts	timedOut	2	90111	should redirect to /inbox when accessing /users	fe-003-rbac-nav.spec.ts > FE-003: RBAC-Based Navigation > Manager Role
firefox	fe-003-rbac-nav.spec.ts	timedOut	2	90253	should only display Inbox and Audit Logs	fe-003-rbac-nav.spec.ts > FE-003: RBAC-Based Navigation > Manager Role
firefox	fe-003-rbac-nav.spec.ts	timedOut	2	90299	should redirect to /inbox when accessing /settings	fe-003-rbac-nav.spec.ts > FE-003: RBAC-Based Navigation > Manager Role
firefox	fe-003-rbac-nav.spec.ts	timedOut	2	90293	should redirect to /inbox when accessing /users	fe-003-rbac-nav.spec.ts > FE-003: RBAC-Based Navigation > Manager Role
webkit	fe-003-rbac-nav.spec.ts	timedOut	2	90082	should only display Inbox and Audit Logs	fe-003-rbac-nav.spec.ts > FE-003: RBAC-Based Navigation > Manager Role
webkit	fe-003-rbac-nav.spec.ts	timedOut	2	90086	should redirect to /inbox when accessing /settings	fe-003-rbac-nav.spec.ts > FE-003: RBAC-Based Navigation > Manager Role
webkit	fe-003-rbac-nav.spec.ts	timedOut	2	90092	should redirect to /inbox when accessing /users	fe-003-rbac-nav.spec.ts > FE-003: RBAC-Based Navigation > Manager Role
chromium	fe-003-rbac-nav.spec.ts	timedOut	2	90077	should only display Inbox menu item	fe-003-rbac-nav.spec.ts > FE-003: RBAC-Based Navigation > User Role (Lowest Permissions)
chromium	fe-003-rbac-nav.spec.ts	timedOut	2	90081	should redirect to /inbox when accessing /audit-logs	fe-003-rbac-nav.spec.ts > FE-003: RBAC-Based Navigation > User Role (Lowest Permissions)
chromium	fe-003-rbac-nav.spec.ts	timedOut	2	90083	should redirect to /inbox when accessing any admin route	fe-003-rbac-nav.spec.ts > FE-003: RBAC-Based Navigation > User Role (Lowest Permissions)
firefox	fe-003-rbac-nav.spec.ts	timedOut	2	90295	should only display Inbox menu item	fe-003-rbac-nav.spec.ts > FE-003: RBAC-Based Navigation > User Role (Lowest Permissions)
firefox	fe-003-rbac-nav.spec.ts	timedOut	2	90242	should redirect to /inbox when accessing /audit-logs	fe-003-rbac-nav.spec.ts > FE-003: RBAC-Based Navigation > User Role (Lowest Permissions)
firefox	fe-003-rbac-nav.spec.ts	timedOut	2	90289	should redirect to /inbox when accessing any admin route	fe-003-rbac-nav.spec.ts > FE-003: RBAC-Based Navigation > User Role (Lowest Permissions)
webkit	fe-003-rbac-nav.spec.ts	timedOut	2	90087	should only display Inbox menu item	fe-003-rbac-nav.spec.ts > FE-003: RBAC-Based Navigation > User Role (Lowest Permissions)
webkit	fe-003-rbac-nav.spec.ts	timedOut	2	90090	should redirect to /inbox when accessing /audit-logs	fe-003-rbac-nav.spec.ts > FE-003: RBAC-Based Navigation > User Role (Lowest Permissions)
webkit	fe-003-rbac-nav.spec.ts	timedOut	2	90093	should redirect to /inbox when accessing any admin route	fe-003-rbac-nav.spec.ts > FE-003: RBAC-Based Navigation > User Role (Lowest Permissions)
chromium	fe-003-rbac-nav.spec.ts	timedOut	2	90081	should show/hide sidebar on mobile	fe-003-rbac-nav.spec.ts > FE-003: RBAC-Based Navigation > Mobile Responsive Navigation
chromium	fe-003-rbac-nav.spec.ts	timedOut	2	90080	should close sidebar when navigating on mobile	fe-003-rbac-nav.spec.ts > FE-003: RBAC-Based Navigation > Mobile Responsive Navigation
firefox	fe-003-rbac-nav.spec.ts	timedOut	2	90288	should show/hide sidebar on mobile	fe-003-rbac-nav.spec.ts > FE-003: RBAC-Based Navigation > Mobile Responsive Navigation
firefox	fe-003-rbac-nav.spec.ts	timedOut	2	90265	should close sidebar when navigating on mobile	fe-003-rbac-nav.spec.ts > FE-003: RBAC-Based Navigation > Mobile Responsive Navigation
webkit	fe-003-rbac-nav.spec.ts	timedOut	2	90105	should show/hide sidebar on mobile	fe-003-rbac-nav.spec.ts > FE-003: RBAC-Based Navigation > Mobile Responsive Navigation
webkit	fe-003-rbac-nav.spec.ts	timedOut	2	90087	should close sidebar when navigating on mobile	fe-003-rbac-nav.spec.ts > FE-003: RBAC-Based Navigation > Mobile Responsive Navigation
chromium	fe-003-rbac-nav.spec.ts	timedOut	2	90080	should have proper ARIA labels	fe-003-rbac-nav.spec.ts > FE-003: RBAC-Based Navigation > Accessibility Features
chromium	fe-003-rbac-nav.spec.ts	timedOut	2	90093	should highlight current page	fe-003-rbac-nav.spec.ts > FE-003: RBAC-Based Navigation > Accessibility Features
chromium	fe-003-rbac-nav.spec.ts	timedOut	2	90082	should support keyboard navigation	fe-003-rbac-nav.spec.ts > FE-003: RBAC-Based Navigation > Accessibility Features
firefox	fe-003-rbac-nav.spec.ts	timedOut	2	90242	should have proper ARIA labels	fe-003-rbac-nav.spec.ts > FE-003: RBAC-Based Navigation > Accessibility Features
firefox	fe-003-rbac-nav.spec.ts	timedOut	2	90245	should highlight current page	fe-003-rbac-nav.spec.ts > FE-003: RBAC-Based Navigation > Accessibility Features
firefox	fe-003-rbac-nav.spec.ts	timedOut	2	90281	should support keyboard navigation	fe-003-rbac-nav.spec.ts > FE-003: RBAC-Based Navigation > Accessibility Features
webkit	fe-003-rbac-nav.spec.ts	timedOut	2	90087	should have proper ARIA labels	fe-003-rbac-nav.spec.ts > FE-003: RBAC-Based Navigation > Accessibility Features
webkit	fe-003-rbac-nav.spec.ts	timedOut	2	90084	should highlight current page	fe-003-rbac-nav.spec.ts > FE-003: RBAC-Based Navigation > Accessibility Features
webkit	fe-003-rbac-nav.spec.ts	timedOut	2	90102	should support keyboard navigation	fe-003-rbac-nav.spec.ts > FE-003: RBAC-Based Navigation > Accessibility Features
chromium	fe-003-rbac-nav.spec.ts	timedOut	2	90085	should display logout button in navigation	fe-003-rbac-nav.spec.ts > FE-003: RBAC-Based Navigation > Logout Functionality
chromium	fe-003-rbac-nav.spec.ts	timedOut	2	90079	should logout and redirect to login	fe-003-rbac-nav.spec.ts > FE-003: RBAC-Based Navigation > Logout Functionality
chromium	fe-003-rbac-nav.spec.ts	timedOut	2	90081	should redirect to login if session expires	fe-003-rbac-nav.spec.ts > FE-003: RBAC-Based Navigation > Logout Functionality
firefox	fe-003-rbac-nav.spec.ts	timedOut	2	90311	should display logout button in navigation	fe-003-rbac-nav.spec.ts > FE-003: RBAC-Based Navigation > Logout Functionality
firefox	fe-003-rbac-nav.spec.ts	timedOut	2	90244	should logout and redirect to login	fe-003-rbac-nav.spec.ts > FE-003: RBAC-Based Navigation > Logout Functionality
firefox	fe-003-rbac-nav.spec.ts	timedOut	2	90298	should redirect to login if session expires	fe-003-rbac-nav.spec.ts > FE-003: RBAC-Based Navigation > Logout Functionality
webkit	fe-003-rbac-nav.spec.ts	timedOut	2	90085	should display logout button in navigation	fe-003-rbac-nav.spec.ts > FE-003: RBAC-Based Navigation > Logout Functionality
webkit	fe-003-rbac-nav.spec.ts	timedOut	2	90086	should logout and redirect to login	fe-003-rbac-nav.spec.ts > FE-003: RBAC-Based Navigation > Logout Functionality
webkit	fe-003-rbac-nav.spec.ts	timedOut	2	90085	should redirect to login if session expires	fe-003-rbac-nav.spec.ts > FE-003: RBAC-Based Navigation > Logout Functionality
chromium	fe-003-rbac-nav.spec.ts	timedOut	2	90083	SUPER_ADMIN should have most permissions	fe-003-rbac-nav.spec.ts > FE-003: RBAC-Based Navigation > Role Hierarchy
chromium	fe-003-rbac-nav.spec.ts	timedOut	2	90149	role hierarchy should be enforced	fe-003-rbac-nav.spec.ts > FE-003: RBAC-Based Navigation > Role Hierarchy
firefox	fe-003-rbac-nav.spec.ts	timedOut	2	90269	SUPER_ADMIN should have most permissions	fe-003-rbac-nav.spec.ts > FE-003: RBAC-Based Navigation > Role Hierarchy
firefox	fe-003-rbac-nav.spec.ts	timedOut	2	90277	role hierarchy should be enforced	fe-003-rbac-nav.spec.ts > FE-003: RBAC-Based Navigation > Role Hierarchy
webkit	fe-003-rbac-nav.spec.ts	timedOut	2	90121	SUPER_ADMIN should have most permissions	fe-003-rbac-nav.spec.ts > FE-003: RBAC-Based Navigation > Role Hierarchy
webkit	fe-003-rbac-nav.spec.ts	timedOut	2	90086	role hierarchy should be enforced	fe-003-rbac-nav.spec.ts > FE-003: RBAC-Based Navigation > Role Hierarchy
chromium	fe-003-rbac-nav.spec.ts	passed	0	246	should show loading state while checking permissions	fe-003-rbac-nav.spec.ts > FE-003: RBAC-Based Navigation > Error States
chromium	fe-003-rbac-nav.spec.ts	timedOut	2	90078	should handle permission denied gracefully	fe-003-rbac-nav.spec.ts > FE-003: RBAC-Based Navigation > Error States
firefox	fe-003-rbac-nav.spec.ts	passed	0	1002	should show loading state while checking permissions	fe-003-rbac-nav.spec.ts > FE-003: RBAC-Based Navigation > Error States
firefox	fe-003-rbac-nav.spec.ts	timedOut	2	90276	should handle permission denied gracefully	fe-003-rbac-nav.spec.ts > FE-003: RBAC-Based Navigation > Error States
webkit	fe-003-rbac-nav.spec.ts	passed	0	452	should show loading state while checking permissions	fe-003-rbac-nav.spec.ts > FE-003: RBAC-Based Navigation > Error States
webkit	fe-003-rbac-nav.spec.ts	timedOut	2	90083	should handle permission denied gracefully	fe-003-rbac-nav.spec.ts > FE-003: RBAC-Based Navigation > Error States
chromium	fe-004-api-integration.spec.ts	failed	2	32605	should load conversations list on inbox page	fe-004-api-integration.spec.ts > FE-004: API Integration - Query Hooks
chromium	fe-004-api-integration.spec.ts	failed	2	32594	should filter conversations by status	fe-004-api-integration.spec.ts > FE-004: API Integration - Query Hooks
chromium	fe-004-api-integration.spec.ts	failed	2	32403	should filter conversations by channel	fe-004-api-integration.spec.ts > FE-004: API Integration - Query Hooks
chromium	fe-004-api-integration.spec.ts	failed	2	32320	should paginate through conversations	fe-004-api-integration.spec.ts > FE-004: API Integration - Query Hooks
chromium	fe-004-api-integration.spec.ts	failed	2	32320	should load messages for a conversation	fe-004-api-integration.spec.ts > FE-004: API Integration - Query Hooks
chromium	fe-004-api-integration.spec.ts	failed	2	32369	should load current user info	fe-004-api-integration.spec.ts > FE-004: API Integration - Query Hooks
firefox	fe-004-api-integration.spec.ts	failed	2	35133	should load conversations list on inbox page	fe-004-api-integration.spec.ts > FE-004: API Integration - Query Hooks
firefox	fe-004-api-integration.spec.ts	failed	2	35210	should filter conversations by status	fe-004-api-integration.spec.ts > FE-004: API Integration - Query Hooks
firefox	fe-004-api-integration.spec.ts	failed	2	35661	should filter conversations by channel	fe-004-api-integration.spec.ts > FE-004: API Integration - Query Hooks
firefox	fe-004-api-integration.spec.ts	failed	2	35180	should paginate through conversations	fe-004-api-integration.spec.ts > FE-004: API Integration - Query Hooks
firefox	fe-004-api-integration.spec.ts	failed	2	35300	should load messages for a conversation	fe-004-api-integration.spec.ts > FE-004: API Integration - Query Hooks
firefox	fe-004-api-integration.spec.ts	failed	2	35724	should load current user info	fe-004-api-integration.spec.ts > FE-004: API Integration - Query Hooks
webkit	fe-004-api-integration.spec.ts	failed	2	32865	should load conversations list on inbox page	fe-004-api-integration.spec.ts > FE-004: API Integration - Query Hooks
webkit	fe-004-api-integration.spec.ts	failed	2	32969	should filter conversations by status	fe-004-api-integration.spec.ts > FE-004: API Integration - Query Hooks
webkit	fe-004-api-integration.spec.ts	failed	2	32833	should filter conversations by channel	fe-004-api-integration.spec.ts > FE-004: API Integration - Query Hooks
webkit	fe-004-api-integration.spec.ts	failed	2	32930	should paginate through conversations	fe-004-api-integration.spec.ts > FE-004: API Integration - Query Hooks
webkit	fe-004-api-integration.spec.ts	failed	2	32886	should load messages for a conversation	fe-004-api-integration.spec.ts > FE-004: API Integration - Query Hooks
webkit	fe-004-api-integration.spec.ts	failed	2	32866	should load current user info	fe-004-api-integration.spec.ts > FE-004: API Integration - Query Hooks
chromium	fe-004-api-integration.spec.ts	failed	2	32336	should send message and update cache	fe-004-api-integration.spec.ts > FE-004: API Integration - Mutation Hooks
chromium	fe-004-api-integration.spec.ts	failed	2	32300	should assign conversation and update cache	fe-004-api-integration.spec.ts > FE-004: API Integration - Mutation Hooks
chromium	fe-004-api-integration.spec.ts	failed	2	32305	should update conversation status and update cache	fe-004-api-integration.spec.ts > FE-004: API Integration - Mutation Hooks
firefox	fe-004-api-integration.spec.ts	failed	2	35592	should send message and update cache	fe-004-api-integration.spec.ts > FE-004: API Integration - Mutation Hooks
firefox	fe-004-api-integration.spec.ts	failed	2	35222	should assign conversation and update cache	fe-004-api-integration.spec.ts > FE-004: API Integration - Mutation Hooks
firefox	fe-004-api-integration.spec.ts	failed	2	36204	should update conversation status and update cache	fe-004-api-integration.spec.ts > FE-004: API Integration - Mutation Hooks
webkit	fe-004-api-integration.spec.ts	failed	2	32850	should send message and update cache	fe-004-api-integration.spec.ts > FE-004: API Integration - Mutation Hooks
webkit	fe-004-api-integration.spec.ts	failed	2	32912	should assign conversation and update cache	fe-004-api-integration.spec.ts > FE-004: API Integration - Mutation Hooks
webkit	fe-004-api-integration.spec.ts	failed	2	33105	should update conversation status and update cache	fe-004-api-integration.spec.ts > FE-004: API Integration - Mutation Hooks
chromium	fe-004-api-integration.spec.ts	failed	2	32325	should handle 401 unauthorized and redirect to login	fe-004-api-integration.spec.ts > FE-004: API Integration - Error Handling
chromium	fe-004-api-integration.spec.ts	skipped	0	44	should handle 403 forbidden with warning toast	fe-004-api-integration.spec.ts > FE-004: API Integration - Error Handling
chromium	fe-004-api-integration.spec.ts	failed	2	32290	should handle 404 not found error	fe-004-api-integration.spec.ts > FE-004: API Integration - Error Handling
chromium	fe-004-api-integration.spec.ts	failed	2	32281	should retry on network timeout	fe-004-api-integration.spec.ts > FE-004: API Integration - Error Handling
firefox	fe-004-api-integration.spec.ts	failed	2	35479	should handle 401 unauthorized and redirect to login	fe-004-api-integration.spec.ts > FE-004: API Integration - Error Handling
firefox	fe-004-api-integration.spec.ts	skipped	0	743	should handle 403 forbidden with warning toast	fe-004-api-integration.spec.ts > FE-004: API Integration - Error Handling
firefox	fe-004-api-integration.spec.ts	failed	2	35223	should handle 404 not found error	fe-004-api-integration.spec.ts > FE-004: API Integration - Error Handling
firefox	fe-004-api-integration.spec.ts	failed	2	35327	should retry on network timeout	fe-004-api-integration.spec.ts > FE-004: API Integration - Error Handling
webkit	fe-004-api-integration.spec.ts	failed	2	32900	should handle 401 unauthorized and redirect to login	fe-004-api-integration.spec.ts > FE-004: API Integration - Error Handling
webkit	fe-004-api-integration.spec.ts	skipped	0	166	should handle 403 forbidden with warning toast	fe-004-api-integration.spec.ts > FE-004: API Integration - Error Handling
webkit	fe-004-api-integration.spec.ts	failed	2	32886	should handle 404 not found error	fe-004-api-integration.spec.ts > FE-004: API Integration - Error Handling
webkit	fe-004-api-integration.spec.ts	failed	2	33003	should retry on network timeout	fe-004-api-integration.spec.ts > FE-004: API Integration - Error Handling
chromium	fe-004-api-integration.spec.ts	failed	2	32376	should not refetch fresh data (stale time)	fe-004-api-integration.spec.ts > FE-004: API Integration - Cache Management
chromium	fe-004-api-integration.spec.ts	failed	2	32333	should invalidate cache after successful mutation	fe-004-api-integration.spec.ts > FE-004: API Integration - Cache Management
firefox	fe-004-api-integration.spec.ts	failed	2	35365	should not refetch fresh data (stale time)	fe-004-api-integration.spec.ts > FE-004: API Integration - Cache Management
firefox	fe-004-api-integration.spec.ts	failed	2	35414	should invalidate cache after successful mutation	fe-004-api-integration.spec.ts > FE-004: API Integration - Cache Management
webkit	fe-004-api-integration.spec.ts	failed	2	33012	should not refetch fresh data (stale time)	fe-004-api-integration.spec.ts > FE-004: API Integration - Cache Management
webkit	fe-004-api-integration.spec.ts	failed	2	32924	should invalidate cache after successful mutation	fe-004-api-integration.spec.ts > FE-004: API Integration - Cache Management
chromium	fe-004-api-integration.spec.ts	failed	2	32434	should validate conversation response structure	fe-004-api-integration.spec.ts > FE-004: API Integration - Data Validation
chromium	fe-004-api-integration.spec.ts	failed	2	32345	should display error if server returns invalid response	fe-004-api-integration.spec.ts > FE-004: API Integration - Data Validation
firefox	fe-004-api-integration.spec.ts	failed	2	35855	should validate conversation response structure	fe-004-api-integration.spec.ts > FE-004: API Integration - Data Validation
firefox	fe-004-api-integration.spec.ts	failed	2	35275	should display error if server returns invalid response	fe-004-api-integration.spec.ts > FE-004: API Integration - Data Validation
webkit	fe-004-api-integration.spec.ts	failed	2	32909	should validate conversation response structure	fe-004-api-integration.spec.ts > FE-004: API Integration - Data Validation
webkit	fe-004-api-integration.spec.ts	failed	2	32956	should display error if server returns invalid response	fe-004-api-integration.spec.ts > FE-004: API Integration - Data Validation
chromium	fe-004-cache-invalidation.spec.ts	failed	2	32309	useSendMessage should invalidate messages list cache	fe-004-cache-invalidation.spec.ts > FE-004: Cache Invalidation Verification
chromium	fe-004-cache-invalidation.spec.ts	failed	2	32328	useAssignConversation should invalidate conversation detail cache	fe-004-cache-invalidation.spec.ts > FE-004: Cache Invalidation Verification
chromium	fe-004-cache-invalidation.spec.ts	failed	2	32366	useUpdateConversationStatus should invalidate all conversation caches	fe-004-cache-invalidation.spec.ts > FE-004: Cache Invalidation Verification
chromium	fe-004-cache-invalidation.spec.ts	failed	2	32331	no stale data should appear after mutation	fe-004-cache-invalidation.spec.ts > FE-004: Cache Invalidation Verification
chromium	fe-004-cache-invalidation.spec.ts	failed	2	32322	concurrent mutations should not corrupt cache	fe-004-cache-invalidation.spec.ts > FE-004: Cache Invalidation Verification
chromium	fe-004-cache-invalidation.spec.ts	failed	2	32419	cache should be invalidated only for affected queries	fe-004-cache-invalidation.spec.ts > FE-004: Cache Invalidation Verification
firefox	fe-004-cache-invalidation.spec.ts	failed	2	35363	useSendMessage should invalidate messages list cache	fe-004-cache-invalidation.spec.ts > FE-004: Cache Invalidation Verification
firefox	fe-004-cache-invalidation.spec.ts	failed	2	35409	useAssignConversation should invalidate conversation detail cache	fe-004-cache-invalidation.spec.ts > FE-004: Cache Invalidation Verification
firefox	fe-004-cache-invalidation.spec.ts	failed	2	35716	useUpdateConversationStatus should invalidate all conversation caches	fe-004-cache-invalidation.spec.ts > FE-004: Cache Invalidation Verification
firefox	fe-004-cache-invalidation.spec.ts	failed	2	35286	no stale data should appear after mutation	fe-004-cache-invalidation.spec.ts > FE-004: Cache Invalidation Verification
firefox	fe-004-cache-invalidation.spec.ts	failed	2	35534	concurrent mutations should not corrupt cache	fe-004-cache-invalidation.spec.ts > FE-004: Cache Invalidation Verification
firefox	fe-004-cache-invalidation.spec.ts	failed	2	35449	cache should be invalidated only for affected queries	fe-004-cache-invalidation.spec.ts > FE-004: Cache Invalidation Verification
webkit	fe-004-cache-invalidation.spec.ts	failed	2	32987	useSendMessage should invalidate messages list cache	fe-004-cache-invalidation.spec.ts > FE-004: Cache Invalidation Verification
webkit	fe-004-cache-invalidation.spec.ts	failed	2	32914	useAssignConversation should invalidate conversation detail cache	fe-004-cache-invalidation.spec.ts > FE-004: Cache Invalidation Verification
webkit	fe-004-cache-invalidation.spec.ts	failed	2	32948	useUpdateConversationStatus should invalidate all conversation caches	fe-004-cache-invalidation.spec.ts > FE-004: Cache Invalidation Verification
webkit	fe-004-cache-invalidation.spec.ts	failed	2	33163	no stale data should appear after mutation	fe-004-cache-invalidation.spec.ts > FE-004: Cache Invalidation Verification
webkit	fe-004-cache-invalidation.spec.ts	failed	2	32928	concurrent mutations should not corrupt cache	fe-004-cache-invalidation.spec.ts > FE-004: Cache Invalidation Verification
webkit	fe-004-cache-invalidation.spec.ts	failed	2	33472	cache should be invalidated only for affected queries	fe-004-cache-invalidation.spec.ts > FE-004: Cache Invalidation Verification
chromium	fe-004-error-scenarios.spec.ts	failed	2	32509	401 Unauthorized should logout and redirect to login	fe-004-error-scenarios.spec.ts > FE-004: Error Scenarios - HTTP Status Codes
chromium	fe-004-error-scenarios.spec.ts	failed	2	32587	403 Forbidden should show permission denied message	fe-004-error-scenarios.spec.ts > FE-004: Error Scenarios - HTTP Status Codes
chromium	fe-004-error-scenarios.spec.ts	failed	2	32493	404 Not Found should show resource not found error	fe-004-error-scenarios.spec.ts > FE-004: Error Scenarios - HTTP Status Codes
chromium	fe-004-error-scenarios.spec.ts	failed	2	32370	408 Timeout should show timeout message	fe-004-error-scenarios.spec.ts > FE-004: Error Scenarios - HTTP Status Codes
chromium	fe-004-error-scenarios.spec.ts	failed	2	32346	422 Validation Error should show validation message	fe-004-error-scenarios.spec.ts > FE-004: Error Scenarios - HTTP Status Codes
chromium	fe-004-error-scenarios.spec.ts	failed	2	32301	429 Rate Limited should show rate limit message	fe-004-error-scenarios.spec.ts > FE-004: Error Scenarios - HTTP Status Codes
chromium	fe-004-error-scenarios.spec.ts	failed	2	32402	500+ Server Error should show error with retry option	fe-004-error-scenarios.spec.ts > FE-004: Error Scenarios - HTTP Status Codes
firefox	fe-004-error-scenarios.spec.ts	failed	2	35561	401 Unauthorized should logout and redirect to login	fe-004-error-scenarios.spec.ts > FE-004: Error Scenarios - HTTP Status Codes
firefox	fe-004-error-scenarios.spec.ts	failed	2	35393	403 Forbidden should show permission denied message	fe-004-error-scenarios.spec.ts > FE-004: Error Scenarios - HTTP Status Codes
firefox	fe-004-error-scenarios.spec.ts	failed	2	35527	404 Not Found should show resource not found error	fe-004-error-scenarios.spec.ts > FE-004: Error Scenarios - HTTP Status Codes
firefox	fe-004-error-scenarios.spec.ts	failed	2	35494	408 Timeout should show timeout message	fe-004-error-scenarios.spec.ts > FE-004: Error Scenarios - HTTP Status Codes
firefox	fe-004-error-scenarios.spec.ts	failed	2	35386	422 Validation Error should show validation message	fe-004-error-scenarios.spec.ts > FE-004: Error Scenarios - HTTP Status Codes
firefox	fe-004-error-scenarios.spec.ts	failed	2	35495	429 Rate Limited should show rate limit message	fe-004-error-scenarios.spec.ts > FE-004: Error Scenarios - HTTP Status Codes
firefox	fe-004-error-scenarios.spec.ts	failed	2	35528	500+ Server Error should show error with retry option	fe-004-error-scenarios.spec.ts > FE-004: Error Scenarios - HTTP Status Codes
webkit	fe-004-error-scenarios.spec.ts	failed	2	33422	401 Unauthorized should logout and redirect to login	fe-004-error-scenarios.spec.ts > FE-004: Error Scenarios - HTTP Status Codes
webkit	fe-004-error-scenarios.spec.ts	failed	2	33585	403 Forbidden should show permission denied message	fe-004-error-scenarios.spec.ts > FE-004: Error Scenarios - HTTP Status Codes
webkit	fe-004-error-scenarios.spec.ts	failed	2	33587	404 Not Found should show resource not found error	fe-004-error-scenarios.spec.ts > FE-004: Error Scenarios - HTTP Status Codes
webkit	fe-004-error-scenarios.spec.ts	failed	2	33413	408 Timeout should show timeout message	fe-004-error-scenarios.spec.ts > FE-004: Error Scenarios - HTTP Status Codes
webkit	fe-004-error-scenarios.spec.ts	failed	2	33346	422 Validation Error should show validation message	fe-004-error-scenarios.spec.ts > FE-004: Error Scenarios - HTTP Status Codes
webkit	fe-004-error-scenarios.spec.ts	failed	2	33129	429 Rate Limited should show rate limit message	fe-004-error-scenarios.spec.ts > FE-004: Error Scenarios - HTTP Status Codes
webkit	fe-004-error-scenarios.spec.ts	failed	2	33410	500+ Server Error should show error with retry option	fe-004-error-scenarios.spec.ts > FE-004: Error Scenarios - HTTP Status Codes
chromium	fe-004-error-scenarios.spec.ts	failed	2	32458	Network error should show offline message	fe-004-error-scenarios.spec.ts > FE-004: Error Scenarios - Network Errors
chromium	fe-004-error-scenarios.spec.ts	failed	2	32472	Connection refused should show error	fe-004-error-scenarios.spec.ts > FE-004: Error Scenarios - Network Errors
chromium	fe-004-error-scenarios.spec.ts	failed	2	32607	Should retry on transient network error	fe-004-error-scenarios.spec.ts > FE-004: Error Scenarios - Network Errors
firefox	fe-004-error-scenarios.spec.ts	failed	2	35484	Network error should show offline message	fe-004-error-scenarios.spec.ts > FE-004: Error Scenarios - Network Errors
firefox	fe-004-error-scenarios.spec.ts	failed	2	35421	Connection refused should show error	fe-004-error-scenarios.spec.ts > FE-004: Error Scenarios - Network Errors
firefox	fe-004-error-scenarios.spec.ts	failed	2	35476	Should retry on transient network error	fe-004-error-scenarios.spec.ts > FE-004: Error Scenarios - Network Errors
webkit	fe-004-error-scenarios.spec.ts	failed	2	34271	Network error should show offline message	fe-004-error-scenarios.spec.ts > FE-004: Error Scenarios - Network Errors
webkit	fe-004-error-scenarios.spec.ts	failed	2	34449	Connection refused should show error	fe-004-error-scenarios.spec.ts > FE-004: Error Scenarios - Network Errors
webkit	fe-004-error-scenarios.spec.ts	failed	2	33670	Should retry on transient network error	fe-004-error-scenarios.spec.ts > FE-004: Error Scenarios - Network Errors
chromium	fe-004-error-scenarios.spec.ts	failed	2	32541	App should handle offline gracefully	fe-004-error-scenarios.spec.ts > FE-004: Error Scenarios - Offline
chromium	fe-004-error-scenarios.spec.ts	failed	2	32377	Should show offline indicator while offline	fe-004-error-scenarios.spec.ts > FE-004: Error Scenarios - Offline
firefox	fe-004-error-scenarios.spec.ts	failed	2	35459	App should handle offline gracefully	fe-004-error-scenarios.spec.ts > FE-004: Error Scenarios - Offline
firefox	fe-004-error-scenarios.spec.ts	failed	2	35417	Should show offline indicator while offline	fe-004-error-scenarios.spec.ts > FE-004: Error Scenarios - Offline
webkit	fe-004-error-scenarios.spec.ts	failed	2	33839	App should handle offline gracefully	fe-004-error-scenarios.spec.ts > FE-004: Error Scenarios - Offline
webkit	fe-004-error-scenarios.spec.ts	failed	2	33185	Should show offline indicator while offline	fe-004-error-scenarios.spec.ts > FE-004: Error Scenarios - Offline
chromium	fe-004-error-scenarios.spec.ts	failed	2	32451	Should retry failed requests	fe-004-error-scenarios.spec.ts > FE-004: Error Scenarios - Recovery
chromium	fe-004-error-scenarios.spec.ts	failed	2	32399	Should auto-refetch when online after offline	fe-004-error-scenarios.spec.ts > FE-004: Error Scenarios - Recovery
chromium	fe-004-error-scenarios.spec.ts	failed	2	32451	Retry button should work after error	fe-004-error-scenarios.spec.ts > FE-004: Error Scenarios - Recovery
firefox	fe-004-error-scenarios.spec.ts	failed	2	35441	Should retry failed requests	fe-004-error-scenarios.spec.ts > FE-004: Error Scenarios - Recovery
firefox	fe-004-error-scenarios.spec.ts	failed	2	35575	Should auto-refetch when online after offline	fe-004-error-scenarios.spec.ts > FE-004: Error Scenarios - Recovery
firefox	fe-004-error-scenarios.spec.ts	failed	2	36188	Retry button should work after error	fe-004-error-scenarios.spec.ts > FE-004: Error Scenarios - Recovery
webkit	fe-004-error-scenarios.spec.ts	failed	2	33080	Should retry failed requests	fe-004-error-scenarios.spec.ts > FE-004: Error Scenarios - Recovery
webkit	fe-004-error-scenarios.spec.ts	failed	2	33107	Should auto-refetch when online after offline	fe-004-error-scenarios.spec.ts > FE-004: Error Scenarios - Recovery
webkit	fe-004-error-scenarios.spec.ts	failed	2	34424	Retry button should work after error	fe-004-error-scenarios.spec.ts > FE-004: Error Scenarios - Recovery
chromium	frontend-login.spec.ts	passed	0	333	should display login page correctly	frontend-login.spec.ts > Frontend Login Flow (Spring auth contract)
chromium	frontend-login.spec.ts	passed	0	339	should show the frozen 401 error body on invalid credentials	frontend-login.spec.ts > Frontend Login Flow (Spring auth contract)
chromium	frontend-login.spec.ts	passed	0	413	should sign in and land on the inbox with the session user	frontend-login.spec.ts > Frontend Login Flow (Spring auth contract)
chromium	frontend-login.spec.ts	passed	0	713	should force the credential change for the bootstrap/recovery identity	frontend-login.spec.ts > Frontend Login Flow (Spring auth contract)
chromium	frontend-login.spec.ts	passed	0	598	should sign out and clear all local auth state	frontend-login.spec.ts > Frontend Login Flow (Spring auth contract)
chromium	frontend-login.spec.ts	passed	0	632	should restore the session from the stored token on reload	frontend-login.spec.ts > Frontend Login Flow (Spring auth contract)
chromium	frontend-login.spec.ts	passed	0	400	should complete the OIDC callback and adopt the AS session	frontend-login.spec.ts > Frontend Login Flow (Spring auth contract)
chromium	frontend-login.spec.ts	passed	0	351	should reject an OIDC callback with a forged state	frontend-login.spec.ts > Frontend Login Flow (Spring auth contract)
chromium	frontend-login.spec.ts	passed	0	604	should revoke the AS grant at /oauth2/revoke when logging out an OIDC session	frontend-login.spec.ts > Frontend Login Flow (Spring auth contract)
firefox	frontend-login.spec.ts	passed	0	1320	should display login page correctly	frontend-login.spec.ts > Frontend Login Flow (Spring auth contract)
firefox	frontend-login.spec.ts	passed	0	783	should show the frozen 401 error body on invalid credentials	frontend-login.spec.ts > Frontend Login Flow (Spring auth contract)
firefox	frontend-login.spec.ts	passed	0	756	should sign in and land on the inbox with the session user	frontend-login.spec.ts > Frontend Login Flow (Spring auth contract)
firefox	frontend-login.spec.ts	passed	0	1120	should force the credential change for the bootstrap/recovery identity	frontend-login.spec.ts > Frontend Login Flow (Spring auth contract)
firefox	frontend-login.spec.ts	passed	0	1244	should sign out and clear all local auth state	frontend-login.spec.ts > Frontend Login Flow (Spring auth contract)
firefox	frontend-login.spec.ts	passed	0	1595	should restore the session from the stored token on reload	frontend-login.spec.ts > Frontend Login Flow (Spring auth contract)
firefox	frontend-login.spec.ts	passed	0	1818	should complete the OIDC callback and adopt the AS session	frontend-login.spec.ts > Frontend Login Flow (Spring auth contract)
firefox	frontend-login.spec.ts	passed	0	579	should reject an OIDC callback with a forged state	frontend-login.spec.ts > Frontend Login Flow (Spring auth contract)
firefox	frontend-login.spec.ts	passed	0	1025	should revoke the AS grant at /oauth2/revoke when logging out an OIDC session	frontend-login.spec.ts > Frontend Login Flow (Spring auth contract)
webkit	frontend-login.spec.ts	passed	0	849	should display login page correctly	frontend-login.spec.ts > Frontend Login Flow (Spring auth contract)
webkit	frontend-login.spec.ts	passed	0	936	should show the frozen 401 error body on invalid credentials	frontend-login.spec.ts > Frontend Login Flow (Spring auth contract)
webkit	frontend-login.spec.ts	passed	0	1025	should sign in and land on the inbox with the session user	frontend-login.spec.ts > Frontend Login Flow (Spring auth contract)
webkit	frontend-login.spec.ts	passed	0	1599	should force the credential change for the bootstrap/recovery identity	frontend-login.spec.ts > Frontend Login Flow (Spring auth contract)
webkit	frontend-login.spec.ts	passed	0	5910	should sign out and clear all local auth state	frontend-login.spec.ts > Frontend Login Flow (Spring auth contract)
webkit	frontend-login.spec.ts	passed	0	3839	should restore the session from the stored token on reload	frontend-login.spec.ts > Frontend Login Flow (Spring auth contract)
webkit	frontend-login.spec.ts	passed	0	1753	should complete the OIDC callback and adopt the AS session	frontend-login.spec.ts > Frontend Login Flow (Spring auth contract)
webkit	frontend-login.spec.ts	passed	0	1526	should reject an OIDC callback with a forged state	frontend-login.spec.ts > Frontend Login Flow (Spring auth contract)
webkit	frontend-login.spec.ts	passed	0	3411	should revoke the AS grant at /oauth2/revoke when logging out an OIDC session	frontend-login.spec.ts > Frontend Login Flow (Spring auth contract)
chromium	inbox-console.spec.ts	timedOut	2	90078	Capture browser console errors	inbox-console.spec.ts
firefox	inbox-console.spec.ts	timedOut	2	90250	Capture browser console errors	inbox-console.spec.ts
webkit	inbox-console.spec.ts	timedOut	2	90080	Capture browser console errors	inbox-console.spec.ts
chromium	inbox-content.spec.ts	timedOut	2	90082	Inspect inbox content	inbox-content.spec.ts
firefox	inbox-content.spec.ts	timedOut	2	90542	Inspect inbox content	inbox-content.spec.ts
webkit	inbox-content.spec.ts	timedOut	2	90104	Inspect inbox content	inbox-content.spec.ts
chromium	inbox-debug.spec.ts	timedOut	2	90085	Debug inbox auth	inbox-debug.spec.ts
firefox	inbox-debug.spec.ts	timedOut	2	90317	Debug inbox auth	inbox-debug.spec.ts
webkit	inbox-debug.spec.ts	timedOut	2	90126	Debug inbox auth	inbox-debug.spec.ts
chromium	inbox-filters.spec.ts	timedOut	2	90098	filters conversations by search, status, priority, and channel	inbox-filters.spec.ts > Inbox filters and search
firefox	inbox-filters.spec.ts	timedOut	2	90262	filters conversations by search, status, priority, and channel	inbox-filters.spec.ts > Inbox filters and search
webkit	inbox-filters.spec.ts	timedOut	2	90086	filters conversations by search, status, priority, and channel	inbox-filters.spec.ts > Inbox filters and search
chromium	inbox-network.spec.ts	timedOut	2	90087	Capture conversations response	inbox-network.spec.ts
firefox	inbox-network.spec.ts	timedOut	2	90305	Capture conversations response	inbox-network.spec.ts
webkit	inbox-network.spec.ts	timedOut	2	90092	Capture conversations response	inbox-network.spec.ts
chromium	inbox-screenshot.spec.ts	timedOut	2	90130	Inbox UI Screenshot	inbox-screenshot.spec.ts
firefox	inbox-screenshot.spec.ts	timedOut	2	90411	Inbox UI Screenshot	inbox-screenshot.spec.ts
webkit	inbox-screenshot.spec.ts	timedOut	2	90104	Inbox UI Screenshot	inbox-screenshot.spec.ts
chromium	inspect-inbox.spec.ts	timedOut	2	90078	Inspect inbox for debug	inspect-inbox.spec.ts
firefox	inspect-inbox.spec.ts	timedOut	2	90425	Inspect inbox for debug	inspect-inbox.spec.ts
webkit	inspect-inbox.spec.ts	timedOut	2	90096	Inspect inbox for debug	inspect-inbox.spec.ts
chromium	INT-010-irc-profiles.spec.ts	timedOut	2	180003	Super Admin: create, test, activate, disable, delete profile	INT-010-irc-profiles.spec.ts > INT-010: IRC Profile Management
chromium	INT-010-irc-profiles.spec.ts	timedOut	2	180001	Admin: can view profiles but no action buttons	INT-010-irc-profiles.spec.ts > INT-010: IRC Profile Management
chromium	INT-010-irc-profiles.spec.ts	timedOut	2	180000	Manager: can view profiles (read-only)	INT-010-irc-profiles.spec.ts > INT-010: IRC Profile Management
chromium	INT-010-irc-profiles.spec.ts	timedOut	2	180004	User: cannot access IRC profiles page	INT-010-irc-profiles.spec.ts > INT-010: IRC Profile Management
chromium	INT-010-irc-profiles.spec.ts	timedOut	2	180002	Super Admin: cannot delete active profile	INT-010-irc-profiles.spec.ts > INT-010: IRC Profile Management
firefox	INT-010-irc-profiles.spec.ts	timedOut	2	180004	Super Admin: create, test, activate, disable, delete profile	INT-010-irc-profiles.spec.ts > INT-010: IRC Profile Management
firefox	INT-010-irc-profiles.spec.ts	timedOut	2	180001	Admin: can view profiles but no action buttons	INT-010-irc-profiles.spec.ts > INT-010: IRC Profile Management
firefox	INT-010-irc-profiles.spec.ts	timedOut	2	180003	Manager: can view profiles (read-only)	INT-010-irc-profiles.spec.ts > INT-010: IRC Profile Management
firefox	INT-010-irc-profiles.spec.ts	timedOut	2	180003	User: cannot access IRC profiles page	INT-010-irc-profiles.spec.ts > INT-010: IRC Profile Management
firefox	INT-010-irc-profiles.spec.ts	timedOut	2	180003	Super Admin: cannot delete active profile	INT-010-irc-profiles.spec.ts > INT-010: IRC Profile Management
webkit	INT-010-irc-profiles.spec.ts	timedOut	2	180005	Super Admin: create, test, activate, disable, delete profile	INT-010-irc-profiles.spec.ts > INT-010: IRC Profile Management
webkit	INT-010-irc-profiles.spec.ts	timedOut	2	180005	Admin: can view profiles but no action buttons	INT-010-irc-profiles.spec.ts > INT-010: IRC Profile Management
webkit	INT-010-irc-profiles.spec.ts	timedOut	2	180002	Manager: can view profiles (read-only)	INT-010-irc-profiles.spec.ts > INT-010: IRC Profile Management
webkit	INT-010-irc-profiles.spec.ts	timedOut	2	180005	User: cannot access IRC profiles page	INT-010-irc-profiles.spec.ts > INT-010: IRC Profile Management
webkit	INT-010-irc-profiles.spec.ts	timedOut	2	180005	Super Admin: cannot delete active profile	INT-010-irc-profiles.spec.ts > INT-010: IRC Profile Management
chromium	regression-suite.spec.ts	timedOut	2	90080	REGR_001: Login + Inbox Load	regression-suite.spec.ts > Regression Test Suite (UI)
chromium	regression-suite.spec.ts	skipped	0	41	REGR_002: Send Reply + Delivery Status	regression-suite.spec.ts > Regression Test Suite (UI)
chromium	regression-suite.spec.ts	skipped	0	29	REGR_003: Telegram Inbound Message	regression-suite.spec.ts > Regression Test Suite (UI)
chromium	regression-suite.spec.ts	skipped	0	26	REGR_004: IRC Inbound Message	regression-suite.spec.ts > Regression Test Suite (UI)
chromium	regression-suite.spec.ts	skipped	0	26	REGR_005: Tag Conversation	regression-suite.spec.ts > Regression Test Suite (UI)
chromium	regression-suite.spec.ts	skipped	0	24	REGR_006: Assign + Notification	regression-suite.spec.ts > Regression Test Suite (UI)
chromium	regression-suite.spec.ts	skipped	0	23	REGR_007: Bulk Assign + Partial Failure	regression-suite.spec.ts > Regression Test Suite (UI)
chromium	regression-suite.spec.ts	timedOut	2	90077	REGR_008: Search + Filters	regression-suite.spec.ts > Regression Test Suite (UI)
chromium	regression-suite.spec.ts	skipped	0	42	REGR_009: Message Retry	regression-suite.spec.ts > Regression Test Suite (UI)
chromium	regression-suite.spec.ts	skipped	0	28	REGR_010: Audit Log Query + Export	regression-suite.spec.ts > Regression Test Suite (UI)
chromium	regression-suite.spec.ts	skipped	0	27	REGR_011: WebSocket Reconnect	regression-suite.spec.ts > Regression Test Suite (UI)
chromium	regression-suite.spec.ts	skipped	0	25	REGR_012: Rules Execution	regression-suite.spec.ts > Regression Test Suite (UI)
firefox	regression-suite.spec.ts	timedOut	2	90245	REGR_001: Login + Inbox Load	regression-suite.spec.ts > Regression Test Suite (UI)
firefox	regression-suite.spec.ts	skipped	0	614	REGR_002: Send Reply + Delivery Status	regression-suite.spec.ts > Regression Test Suite (UI)
firefox	regression-suite.spec.ts	skipped	0	234	REGR_003: Telegram Inbound Message	regression-suite.spec.ts > Regression Test Suite (UI)
firefox	regression-suite.spec.ts	skipped	0	158	REGR_004: IRC Inbound Message	regression-suite.spec.ts > Regression Test Suite (UI)
firefox	regression-suite.spec.ts	skipped	0	137	REGR_005: Tag Conversation	regression-suite.spec.ts > Regression Test Suite (UI)
firefox	regression-suite.spec.ts	skipped	0	223	REGR_006: Assign + Notification	regression-suite.spec.ts > Regression Test Suite (UI)
firefox	regression-suite.spec.ts	skipped	0	157	REGR_007: Bulk Assign + Partial Failure	regression-suite.spec.ts > Regression Test Suite (UI)
firefox	regression-suite.spec.ts	timedOut	2	90252	REGR_008: Search + Filters	regression-suite.spec.ts > Regression Test Suite (UI)
firefox	regression-suite.spec.ts	skipped	0	651	REGR_009: Message Retry	regression-suite.spec.ts > Regression Test Suite (UI)
firefox	regression-suite.spec.ts	skipped	0	235	REGR_010: Audit Log Query + Export	regression-suite.spec.ts > Regression Test Suite (UI)
firefox	regression-suite.spec.ts	skipped	0	152	REGR_011: WebSocket Reconnect	regression-suite.spec.ts > Regression Test Suite (UI)
firefox	regression-suite.spec.ts	skipped	0	164	REGR_012: Rules Execution	regression-suite.spec.ts > Regression Test Suite (UI)
webkit	regression-suite.spec.ts	timedOut	2	90084	REGR_001: Login + Inbox Load	regression-suite.spec.ts > Regression Test Suite (UI)
webkit	regression-suite.spec.ts	skipped	0	163	REGR_002: Send Reply + Delivery Status	regression-suite.spec.ts > Regression Test Suite (UI)
webkit	regression-suite.spec.ts	skipped	0	159	REGR_003: Telegram Inbound Message	regression-suite.spec.ts > Regression Test Suite (UI)
webkit	regression-suite.spec.ts	skipped	0	151	REGR_004: IRC Inbound Message	regression-suite.spec.ts > Regression Test Suite (UI)
webkit	regression-suite.spec.ts	skipped	0	203	REGR_005: Tag Conversation	regression-suite.spec.ts > Regression Test Suite (UI)
webkit	regression-suite.spec.ts	skipped	0	188	REGR_006: Assign + Notification	regression-suite.spec.ts > Regression Test Suite (UI)
webkit	regression-suite.spec.ts	skipped	0	151	REGR_007: Bulk Assign + Partial Failure	regression-suite.spec.ts > Regression Test Suite (UI)
webkit	regression-suite.spec.ts	timedOut	2	90081	REGR_008: Search + Filters	regression-suite.spec.ts > Regression Test Suite (UI)
webkit	regression-suite.spec.ts	skipped	0	186	REGR_009: Message Retry	regression-suite.spec.ts > Regression Test Suite (UI)
webkit	regression-suite.spec.ts	skipped	0	149	REGR_010: Audit Log Query + Export	regression-suite.spec.ts > Regression Test Suite (UI)
webkit	regression-suite.spec.ts	skipped	0	146	REGR_011: WebSocket Reconnect	regression-suite.spec.ts > Regression Test Suite (UI)
webkit	regression-suite.spec.ts	skipped	0	144	REGR_012: Rules Execution	regression-suite.spec.ts > Regression Test Suite (UI)
chromium	simple-sidebar-test.spec.ts	timedOut	2	90085	Sidebar responsive test	simple-sidebar-test.spec.ts
firefox	simple-sidebar-test.spec.ts	timedOut	2	90308	Sidebar responsive test	simple-sidebar-test.spec.ts
webkit	simple-sidebar-test.spec.ts	timedOut	2	90089	Sidebar responsive test	simple-sidebar-test.spec.ts
chromium	../e2e/tags.e2e.ts	timedOut	2	90080	UI smoke: tags render as badges in inbox + conversation (data-testid selectors)	tags.e2e.spec.ts > BE-P2-001: Tags CRUD + Conversation Tagging (Playwright E2E)
chromium	../e2e/tags.e2e.ts	failed	2	90	Tag creation flow: admin can create and list tags	tags.e2e.spec.ts > BE-P2-001: Tags CRUD + Conversation Tagging (Playwright E2E)
chromium	../e2e/tags.e2e.ts	failed	2	92	Validation: invalid color and invalid name are rejected (400)	tags.e2e.spec.ts > BE-P2-001: Tags CRUD + Conversation Tagging (Playwright E2E)
chromium	../e2e/tags.e2e.ts	failed	2	97	Tag assignment flow: add tag to conversation and verify it persists via GET /api/conversations/:id	tags.e2e.spec.ts > BE-P2-001: Tags CRUD + Conversation Tagging (Playwright E2E)
chromium	../e2e/tags.e2e.ts	failed	2	104	Multi-tag management: add two tags, remove one, verify remaining tags returned	tags.e2e.spec.ts > BE-P2-001: Tags CRUD + Conversation Tagging (Playwright E2E)
chromium	../e2e/tags.e2e.ts	failed	2	111	Real-time: conversation.updated is emitted to subscribed Socket.io client on tag change	tags.e2e.spec.ts > BE-P2-001: Tags CRUD + Conversation Tagging (Playwright E2E)
chromium	../e2e/tags.e2e.ts	failed	2	114	RBAC + errors: user cannot tag unassigned conversation; invalid/nonexistent IDs are handled	tags.e2e.spec.ts > BE-P2-001: Tags CRUD + Conversation Tagging (Playwright E2E)
firefox	../e2e/tags.e2e.ts	timedOut	2	90242	UI smoke: tags render as badges in inbox + conversation (data-testid selectors)	tags.e2e.spec.ts > BE-P2-001: Tags CRUD + Conversation Tagging (Playwright E2E)
firefox	../e2e/tags.e2e.ts	failed	2	108	Tag creation flow: admin can create and list tags	tags.e2e.spec.ts > BE-P2-001: Tags CRUD + Conversation Tagging (Playwright E2E)
firefox	../e2e/tags.e2e.ts	failed	2	108	Validation: invalid color and invalid name are rejected (400)	tags.e2e.spec.ts > BE-P2-001: Tags CRUD + Conversation Tagging (Playwright E2E)
firefox	../e2e/tags.e2e.ts	failed	2	112	Tag assignment flow: add tag to conversation and verify it persists via GET /api/conversations/:id	tags.e2e.spec.ts > BE-P2-001: Tags CRUD + Conversation Tagging (Playwright E2E)
firefox	../e2e/tags.e2e.ts	failed	2	150	Multi-tag management: add two tags, remove one, verify remaining tags returned	tags.e2e.spec.ts > BE-P2-001: Tags CRUD + Conversation Tagging (Playwright E2E)
firefox	../e2e/tags.e2e.ts	failed	2	130	Real-time: conversation.updated is emitted to subscribed Socket.io client on tag change	tags.e2e.spec.ts > BE-P2-001: Tags CRUD + Conversation Tagging (Playwright E2E)
firefox	../e2e/tags.e2e.ts	failed	2	120	RBAC + errors: user cannot tag unassigned conversation; invalid/nonexistent IDs are handled	tags.e2e.spec.ts > BE-P2-001: Tags CRUD + Conversation Tagging (Playwright E2E)
webkit	../e2e/tags.e2e.ts	timedOut	2	90081	UI smoke: tags render as badges in inbox + conversation (data-testid selectors)	tags.e2e.spec.ts > BE-P2-001: Tags CRUD + Conversation Tagging (Playwright E2E)
webkit	../e2e/tags.e2e.ts	failed	2	96	Tag creation flow: admin can create and list tags	tags.e2e.spec.ts > BE-P2-001: Tags CRUD + Conversation Tagging (Playwright E2E)
webkit	../e2e/tags.e2e.ts	failed	2	111	Validation: invalid color and invalid name are rejected (400)	tags.e2e.spec.ts > BE-P2-001: Tags CRUD + Conversation Tagging (Playwright E2E)
webkit	../e2e/tags.e2e.ts	failed	2	126	Tag assignment flow: add tag to conversation and verify it persists via GET /api/conversations/:id	tags.e2e.spec.ts > BE-P2-001: Tags CRUD + Conversation Tagging (Playwright E2E)
webkit	../e2e/tags.e2e.ts	failed	2	121	Multi-tag management: add two tags, remove one, verify remaining tags returned	tags.e2e.spec.ts > BE-P2-001: Tags CRUD + Conversation Tagging (Playwright E2E)
webkit	../e2e/tags.e2e.ts	failed	2	144	Real-time: conversation.updated is emitted to subscribed Socket.io client on tag change	tags.e2e.spec.ts > BE-P2-001: Tags CRUD + Conversation Tagging (Playwright E2E)
webkit	../e2e/tags.e2e.ts	failed	2	114	RBAC + errors: user cannot tag unassigned conversation; invalid/nonexistent IDs are handled	tags.e2e.spec.ts > BE-P2-001: Tags CRUD + Conversation Tagging (Playwright E2E)
chromium	test-navbar.spec.ts	timedOut	2	90088	Navbar layout test	test-navbar.spec.ts
firefox	test-navbar.spec.ts	timedOut	2	90269	Navbar layout test	test-navbar.spec.ts
webkit	test-navbar.spec.ts	timedOut	2	90088	Navbar layout test	test-navbar.spec.ts
chromium	test-responsive-sidebar.spec.ts	timedOut	2	90120	Responsive sidebar behavior	test-responsive-sidebar.spec.ts
firefox	test-responsive-sidebar.spec.ts	timedOut	2	90321	Responsive sidebar behavior	test-responsive-sidebar.spec.ts
webkit	test-responsive-sidebar.spec.ts	timedOut	2	90090	Responsive sidebar behavior	test-responsive-sidebar.spec.ts
